data;source;source_2;speaker;style;V_meaning;V_meaning_simple;cons;gram;S_hun;S_man;S_live;S_POS_2;S_POS;V_form;V_deriv;V_time;V_act_pass;V_s_obj;V_pers;V_num;order_gerV;oli;oli_pre;oli_post;elõtte3;elõtte  ignév;utána3;utána ignév
??? ?????. ?????: ????? ?????, ??????? ?????. ???????? ?? ??????. ???? ????, ????? ??? ?????????:;Hromova (2004:22);22;nan;mese;van;van;egz;s;ház;???;élettelen;np;np;?????;;prs;a;a;3;du;;0;0;0;0;0;0;0
????? ????????? ??????, ??? ?????? ???? ??????, ?????? ????? ?????????? ?????? ???. ??? ????-????? ?????? ????? ?????. ???? ??? ???????????? ????? ???????. ?? ???????? ??? ????? ?? ???????? ??? ???????? ???????. ;LS 2014 no.8:12;124;Merov, Nikolay;pub;van;van;egz;s;erdei_ház;??????;élettelen;np;np;???????;;pst;a;a;3;du;;1;1;0;1;0;0;0
?????????? ??? ??? ?? ???????????. ??? ????? ??????? ???? ????? ??????, ????? ?????? ????? ????? ?? ???????. ???, ?????????, ??????? ???? ????. ?????????? ??? ?????????, ????? ????????.;LS 2015 no.19:14;686;Rombandejeva, Svetlana;pub;van;van;egz;s;falu;?????;élettelen;np;np;???????;;prs;a;a;3;pl;;1;0;1;0;0;0;1
?? ??? 1970 ????? ????? ?????????, ???? ?? ?????? ??? ??? ????? ???????. ??? ??? ????? ????? ??? ?????? ???????, ?????? ?????????? ???????. ?? ??? ??-??? ?? ??? ????? ????? ????? ????? ?? ???????, ???? ????? ????? ????? ??? ???????????? – ????? ????????, ????????, ????? ?? ???????? ????? ???????????. ;LS 2015 no.21:13;717;Rombandejeva, Svetlana;pub;van;van;egz;s;ház;???;élettelen;np;np;???????;;prs;a;a;3;pl;;0;0;0;0;0;0;0
?? ??? 1970 ????? ????? ?????????, ???? ?? ?????? ??? ??? ????? ???????. ??? ??? ????? ????? ??? ?????? ???????, ?????? ?????????? ???????. ?? ??? ??-??? ?? ??? ????? ????? ????? ????? ?? ???????, ???? ????? ????? ????? ??? ???????????? – ????? ????????, ????????, ????? ?? ???????? ????? ???????????. ;LS 2015 no.21:13;717;Rombandejeva, Svetlana;pub;van;van;egz;s;ház;???;élettelen;np;np;???????;;pst;a;a;3;pl;;0;0;0;0;0;0;0
??? ???????? ??? ???? ???, ????? ???, ??? ? ???. ?? ??????? ?? ????? ????? ???? ????? ????? ???????. ??? ???? ???? ?????. ??? ?????????, ????, ????? ????? ????? ??? ?????? ???????? ?????. ;LS 2015 no.22:3;723;Vjutkin, Aleksandr;pub;van;van;egz;s;hegy;???;élettelen;np;np;???????;;prs;a;a;3;pl;;2;1;1;1;0;0;1
?? ?? ??? ???????? ???????????. ?????? ?????? ?? ???? ???????? ???. ??????? ?????? ??????? ???? ?????, ??? ???-????? ??? ??? ???????. ??? ?????? ??? ?????? ?????? ????? ?????? ??????.;LS 2016 no.12:15;959;Tjetkina, Ljudmilla;pub;van;van;egz;s;ház;???;élettelen;np;np;???????;;pst;a;a;3;pl;;2;1;1;1;1;1;0
 ?????????, ??????, ??????, ????? ??????, ?????? ??? ????????????????. ??? ??? ????? ?????? ??? ???? ?????? ???????. ???? ??? ??? ??? ?????????? ????????.;LS 2016 no.13:16;976;Merov, Nikolay;pub;van;van;egz;s;falu;?????;élettelen;np;np;???????;;prs;a;a;3;pl;;0;0;0;0;0;0;0
"?????? 1 ?????? 607 ????? ?????? ????????? ??? – ?????? ????????, ???????, ???-?????, ??? ???????, ??? ?? ????? ???????, ????? ???, ???? ????? ???, ?? ?????.
?????????? ??? ??? «??????? ????? ??????» ????? ???????? ??????????.";LS 2016 no.15:9;1001;Rombandejeva, Svetlana;pub;van;van;egz;s;ruhanemû, csésze-doboz, edény, ház;??????, ?????, ???-???, ?????,  ???;élettelen;np;np;???????;;prs;a;a;3;pl;;1;1;0;1;0;0;0
????? ???? ??????? ?? ?? ??????, ????????? ????? ??? ??? ?????? ???????? ?? ?? ?????. ??????????? ????? ???? ???????? ?? ? ????? ???????, ??? ???? ????? ????? ??? ??????? ????????. ;LS 2016 no.16:13;1021;Merova, Tamara;pub;van;van;egz;s;falu;?????;élettelen;np;np;???????;;prs;a;a;3;pl;;1;0;1;0;0;0;1
????? ????? ????? 12-21 ???????? ??? ????? ???? ??????? ?? ??????? ???????? ??, ??? ??? ???? ?????? ????????? ???? ???????. ???????? ?????? ??? ??????? ?? ????? ?????? ?????, ??? ?? ???? ????? ?????????.;LS 2016 no.4:11;827;Merov, Nikolay;pub;van;van;egz;s;falu;?????;élettelen;np;np;???????;;prs;a;a;3;pl;;1;1;0;0;1;0;0
??????? ??????? ??? ???? ?????? ???????. ??? ???-??? ????? ????? ?????? ?????? ???????? ?????????. ;LS 2016 no.8:9;889;Merov, Nikolay;pub;van;van;egz;s;falu;?????;élettelen;np;np;???????;;prs;a;a;3;pl;;1;0;1;0;0;1;0
?????? ?????, ???? ????? ??????, ??? ????? ????? ???????? ???????, ?????????? ? ????? ????? ???????. ?????, ????????? ????????????? ??? ????????. ?? ???? ????? ???, ?????? ?????? ????? ?????? ?????? ???? ???????.;LS 2016 no.9:5;901;Kondina, Galina;pub;van;van;egz;s;ház;???;élettelen;np;np;???????;;prs;a;a;3;pl;;1;0;1;0;0;1;0
???????? ??? ??? ?????, ???? ???????;Ruk_3;;Rukova, Uljana;besz;van;van;egz;s;ház;???;élettelen;np;np;???????;;prs;a;a;3;pl;;0;0;0;0;0;0;0
?????? ???????? ?????, ????? ??? ?????.;05-A_3;;Dinislamova, Svetlana ;besz;van;van;egz;s;ház;???;élettelen;np;np;?????;;pst;a;a;3;sg;;2;1;1;1;0;1;0
"??? ??? ?????. 
(?????? ???????? ?????, ????? ??? ?????)";05-A_3;;Dinislamova, Svetlana ;besz;van;van;egz;s;ház;???;élettelen;np;np;?????;;pst;a;a;3;sg;;1;1;0;1;1;0;0
??? ?? ??????, ?????: ??? ??? ??? ????, ?? ???? ???????? ????? ??? ???????? ?????.;Gerasimvova-Dinislamova (2012:16);;Anjamov, Stjepan;mese;van;van;egz;s;ház;???;élettelen;np;np;????;;prs;a;a;3;sg;;0;0;0;0;0;0;0
??????? ????? ???-???????: ??? ?? ????? ??? ???? - ??? ???? ???????? ???.;Gerasimvova-Dinislamova (2012:48);;Sambindalova, Darja;mese;van;van;egz;s;ház;???;élettelen;np;np;????;;prs;a;a;3;sg;;0;0;0;0;0;0;0
????????-??????? ??????????, ?? ?? ??????. ??????? ????? ???-??????????: ??? ???? ????? ??? ????, ??? ?????? ??????. ?-?, ??? ???????? ?? ??? ??????:;Gerasimvova-Dinislamova (2012:86);;Sambindalova, Darja;mese;van;van;egz;s;ház;???;élettelen;np;np;????;;prs;a;a;3;sg;;0;0;0;0;0;0;0
«??? ?????-????? ????? ????? ???????????, ??????? ??? ?????!» ?????? ???-???????: ????, ??? ????. «?, ????? ???? ????????, ??? ?????-????? ????? ????? ??????, ????? ?????»;Gerasimvova-Dinislamova (2012:86);;Sambindalova, Darja;mese;van;van;egz;s;ház;???;élettelen;np;np;????;;prs;a;a;3;sg;;1;1;0;1;0;0;0
"?????? ????????
????? ?????, ? ??? ??? (????) ?? ???? ?????? ?????? ??????, ??????????? ???????: ?, ????? ????! ????????, ?? ??????: ????? ???? ???? ????. ????? ???? ???? ??????????:";Gerasimvova-Dinislamova (2015:120);120;Anjamova, Aleksandra;mese;van;van;egz;s;zsák;?????;élettelen;np;np;????;;prs;a;a;3;sg;;0;0;0;0;0;0;0
"????? ????? ?????, ? ?????? ?????. ?????: ?????? ???
????, ?? ???????????? ????????";Gerasimvova-Dinislamova (2015:18);18;Algadjeva, Varvara;mese;van;van;egz;s;ház;???;élettelen;np;np;????;;prs;a;a;3;sg;;0;0;0;0;0;0;0
?? ???? ??? ???? ???????, ???????? ?????: ??? ????? ??? ????. ??? ???????, ?? ???????. ;Gerasimvova-Dinislamova (2015:22);22;Algadjeva, Varvara;mese;van;van;egz;s;ház;???;élettelen;np;np;????;;prs;a;a;3;sg;;0;0;0;0;0;0;0
????? ?? ?? ???????, ???? ?? ?? ???????, ??? ??? ?? ???????. ?????? ???? ???????, ??? ??? ????. ?? ???????, ??? ???? ??? ???.;Gerasimvova-Dinislamova (2015:6);6;Algadjeva, Varvara;mese;van;van;egz;s;ház;???;élettelen;np;np;????;;prs;a;a;3;sg;;1;0;1;0;0;1;0
???? ??????? ??? ???? ???????, ? ????? ??? ???????. ??? ?????????? ????. ??? ? ????? ?????.;Gerasimvova-Dinislamova (2015:6);6;Algadjeva, Varvara;mese;van;van;egz;s;ház;???;élettelen;np;np;????;;prs;a;a;3;sg;;1;0;1;0;0;1;0
"???? ????, ??? ???? ????, ?????: ""? ????? ??? ????.""";Hromova (2004:12);12;nan;mese;van;van;egz;s;ház;???;élettelen;np;np;????;;prs;a;a;3;sg;;0;0;0;0;0;0;0
"...??????, ??????, ?????? ???? ???? ?? ?????. ???? ???? ?????, ????? - ?? ???? ??? ?? ????. ?? ?? ??????, ?? ?????? ?????? ?????, ????? ?????? ??
??????, ...";Ivanova (2004:11);6;Kugin, Pjotr;mese;van;van;egz;s;ház;???;élettelen;np;np;????;;prs;a;a;3;sg;;0;0;0;0;0;0;0
????, ????, ?????? ?????? -????? ????? ???? ??????? ????. ????? ???????. ???? ?? ??? ??? ??????. ;Ivanova (2004:23);12;Sadomina, Tatjana;mese;van;van;egz;s;ház;???;élettelen;np;np;????;;prs;a;a;3;sg;;1;0;1;0;0;1;0
"??? ??? ???? ?? ?????. 1970 ?????? ????????? ????? ????? ?????? ?????????. ?????? ???
??? ??? ??? ????. ??? ??? ?????????? ?? ??? ??? ??????. ????? ??????? ??? ??? ??, ??? ???? ?????? ???, ?????? ????????? ????.";LS 2014 no.13:11;203;Merov, Nikolay;pub;van;van;egz;s;ház;???;élettelen;np;np;????;;prs;a;a;3;sg;;2;1;1;1;0;1;1
"??????, ?? ?????? ?????? ??????. ??? ???? ???????? ????, ?????, ??? ?????? ???
????, ?? ???? ?????? ???. ?????-????? ????????????, ????? ????????? ????. ?????, ???? ?????? ??? ??? ??????????, ?????? ??????. ";LS 2014 no.17:10;266;Merov, Nikolay;pub;van;van;egz;s;bölcsõ;???;élettelen;np;np;????;;prs;a;a;3;sg;;0;0;0;0;0;0;0
?????? ???? ?????????? ??? ???????. ??? ?????? ??? ??? ??? ?? ????. ;LS 2014 no.18:15;287;Tjetkina, Ljudmilla;pub;van;van;egz;s;ház;???;élettelen;np;np;????;;prs;a;a;3;sg;;0;0;0;0;0;0;0
??? ?? ??? ????? ????? ?????? ???? ??????? ???????? ?? ?? ????? ????? ?????????? ????????? ?? ?? ?????? ????. ????? ????? ??? ??? ????. ?????? ?????????????? ????:;LS 2014 no.20:9;313;Anjamova, Anna;pub;van;van;egz;s;ház;???;élettelen;np;np;????;;prs;a;a;3;sg;;2;1;1;1;0;1;0
???? ??????? ??? ????? ?????????? ??? ?????. ??????? ???? ?????? ?????, ??? ??? ??? ?????? ???. ;LS 2014 no.22:11;347;Merov, Nikolay;pub;van;van;egz;s;istálló;??????;élettelen;np;np;?????;;pst;a;a;3;sg;;1;0;1;0;0;1;0
???? ????? ??????? ?? ???????? ???, ???????? ???? ?? ???????? ?????, ?????????? ????? ?????? ??????, ??????? ??????. ???? ??????? ?????????? ???? ???? ???????. ?? ?????, 1985 ??????, ??????? ??? ???? ??? ?????. ;LS 2014 no.7:11;107;Rombandejeva, Svetlana;pub;van;van;egz;s;ház;???;élettelen;np;np;?????;;pst;a;a;3;sg;;1;1;0;1;0;0;0
???????, ???????, ???? ?????? ?? ????. ????? ??? ?? ?? ?????, ????? ???? ?????. ??????? ? ???? ????? ?????, ??? ?? ??? ??? ??? ????, ??? ??? ???????? ??????. ;LS 2014 no.7:11;107;Rombandejeva, Svetlana;pub;van;van;egz;s;ház;???;élettelen;np;np;????;;prs;a;a;3;sg;;2;1;1;1;0;1;0
?????-???????? ?? ????? ????? ????? ???? ????? ????. ??? ??? ????????? ?? ????? ??????. ;LS 2015 no.16:6;630;Hozumova, Valentina;pub;van;van;egz;s;falu;?????;élettelen;np;np;????;;prs;a;a;3;sg;;1;0;1;0;0;1;0
"???? ???? ?????
??? ??? ?? ????????.
??? ??-???? ??? 1994
???? ??? ???????. ?? ????? ??? «????» ????? ???????? ??? ?????, ??? ?? ???? ?????. ????
????????? ????? ??? ???? ?????. ";LS 2015 no.6:16;480;Merov, Nikolay;pub;van;van;egz;s;ház;???;élettelen;np;np;?????;;pst;a;a;3;sg;;1;0;1;0;0;1;0
?????? ????? ?????, ?????? ?? ????? ?? ?????? ??? ??? ????? ??????. ?? ????? ??? ?????? ????? ????. ??? ????? ????? ?? - ???? ?????. ?????? ?????? ????? ??? ????? ??????????. ;LS 2015 no.7:12;492;Merov, Nikolay;pub;van;van;egz;s;falu;?????;élettelen;np;np;????;;prs;a;a;3;sg;;2;1;1;1;0;1;0
?????-???????? ?? ????? ???? ????? ????, ????? ?????? ??????. ??? ????????? ?? ????? ??????. ;LS 2015 no.7:8;488;Hozumova, Valentina;pub;van;van;egz;s;falu;?????;élettelen;np;np;????;;prs;a;a;3;sg;;1;0;1;0;0;1;0
 ?????? ?????? ??? ?? ???? ????. ?????? ?????? ??? ??? ????? ??? ?????? ????? ?????. ?????? ???? ?????? ??????, ?? ???? ????? ????.;LS 2016 no.13:13;973;Vasiljeva, Valentina;pub;van;van;egz;s;falu;?????;élettelen;np;np;?????;;pst;a;a;3;sg;;1;0;1;0;0;1;0
???? ?????? ?????? ????? ????;LS 2016 no.15:8;1000;Rombandejeva, Svetlana;pub;van;van;egz;s;nyírhély edény;?????;élettelen;np;np;????;;prs;a;a;3;sg;;non;non;non;2;2;2;2
??? ??? ?????? ??? ???? ?????? ??? ???????. ??? ??? ???? ??? ?????? ?????. ????? ????? ??? ??? ????????, ??? ??????? ????? ???? ??? ???????-??? ?? ?????.;LS 2016 no.19:3;1059;Hozumova, Valentina;pub;van;van;egz;s;autó;??????;élettelen;np;np;?????;;pst;a;a;3;sg;;1;1;0;1;0;0;0
"«?? ???? ????? ??????? ????????? ????? ??????. ???
?? ??? ??????????? ????? ????. ?????? ?? ????? ??? ???? ????. ??? ????????? ????? ?????? ???????????? ????????.";LS 2016 no.2:7;791;Merov, Nikolay;pub;van;van;egz;s;falu;?????;élettelen;np;np;????;;prs;a;a;3;sg;;1;0;1;0;0;1;0
"?? ????? ??? ???????. ??? ????????? ??? ????. ???????????? ?????
??? ???????????? ??????? ????? ????.";LS 2016 no.22:16;1120;Merov, Nikolay;pub;van;van;egz;s;ház;???;élettelen;np;np;????;;prs;a;a;3;sg;;1;1;0;1;0;0;0
???????????? ??????? ?????????? ?????? ?????????? ??????. ?? ??? ??? ??? ????? ?? ????. ??? ?????? ???????? ??? ?? ????? ??? ?????? ??????. ;LS 2016 no.22:16;1120;Merov, Nikolay;pub;van;van;egz;s;falu;?????;élettelen;np;np;????;;prs;a;a;3;sg;;2;1;1;1;0;1;0
"?????? ?????? ?????????? ???? ????.
??? ????? ??? ?????? ??? ??? ????? ?????. ??? ??? ????? ????? ??? ????????? ???? ?????????? ???????.";LS 2016 no.22:16;1120;Merov, Nikolay;pub;van;van;egz;s;falu;?????;élettelen;np;np;?????;;pst;a;a;3;sg;;1;1;0;1;1;0;0
"??? ???? ????? ???
?????? ????? ????";LS 2016 no.4:11;827;Merov, Nikolay;pub;van;van;egz;s;falu;?????;élettelen;np;np;????;;prs;a;a;3;sg;;1;non;1;2;2;0;1
"– ???, ?? ??? ????? ????? ????, ???? ???? ??????.
??? ?????? ?????? ????. ????? ??? ?????????, ?-?, ??????? ????.";LS 2016 no.5:15;847;"Merova, Aksinja; Kondina, Galina";pub;van;van;egz;s;fadarab;??????;élettelen;np;np;????;;prs;a;a;3;sg;;0;0;0;0;0;0;0
??????? ?????? ?? ??? ?????? ????????. ??? ???????? ???? ????? ?? ????. ???? ???? ???? ????? ???? ?????? ????? ??? ? ????? ?? ????? ????? ?????. ;LS 2016 no.6:12;860;Merov, Nikolay;pub;van;van;egz;s;falu;?????;élettelen;np;np;????;;prs;a;a;3;sg;;2;1;1;1;0;1;1
???????? ?????? ????? ??????????. ?? ????? ?????? ???????? ??? ?????. ??? ?????, ???????, ???? ????? ???, ????????????, ?????? ????? ??? ?? ???? ???????? ?????????. ;LS 2016 no.6:12;860;Merov, Nikolay;pub;van;van;egz;s;ház;???;élettelen;np;np;?????;;pst;a;a;3;sg;;0;0;0;0;0;0;0
"?? ?????? ????? ??? ??
????.
????? ???????? ??? ??????????, ??? ??? ????? ?????. ?????? ????? ??? ?? ?????. ??? ????? ??? ??? ?? ????????.";LS 2016 no.7:10;874;Merov, Nikolay;pub;van;van;egz;s;falu;?????;élettelen;np;np;?????;;pst;a;a;3;sg;;2;1;1;1;0;1;0
"?? ???, ??? ??????? ??? ????, ?? ???? ??????? ?????????? ???????? ?? ?????????».
????? ?????? ??? ??? ????. ??? ????? ?????????? ?? ?????? ?????? ????. ";LS 2016 no.8:9;889;Merov, Nikolay;pub;van;van;egz;s;ház;???;élettelen;np;np;????;;prs;a;a;3;sg;;2;1;1;0;1;1;0
????? ??????, ??????? ?? ????;Popova (2001:32);15;Hatanjev, Pjotr;mese;van;van;egz;s;csónak;???;élettelen;np;np;????;;prs;a;a;3;sg;;1;1;0;1;0;0;0
"??? ?? ??? ???. ?, ???
????, ?? ???????? ????.";Popova (2001:60);29;Hatanjev, Pjotr;mese;van;van;egz;s;csónak;???;élettelen;np;np;????;;prs;a;a;3;sg;;0;0;0;0;0;0;0
??? ??????? ????????, ???? ?????????, ??? ??? ????? ?? ??????, ??????? ?? ???. ???? ????? ??????? ??? ????, ????? ???. «?? ???????? ???????? ????» ;Popova (2001:62);30;Hatanjev, Pjotr;mese;van;van;egz;s;csónak;???;élettelen;np;np;????;;prs;a;a;3;sg;;0;0;0;0;0;0;0
????? ????, ????? ??????? ??? ??? ????. ;Popova (2001:78);38;Hatanjev, Pjotr;mese;van;van;egz;s;asztal;?????;élettelen;np;np;????;;prs;a;a;3;sg;;0;0;0;0;0;0;0
??? ????? ????, ????? ??????? ??? ??? ????. ??? ?????? ???? ????? ???, ??? ?????? ????? ?? ?????? ??? ?????? ??????.;Popova (2001:78);38;Hatanjev, Pjotr;mese;van;van;egz;s;asztal;?????;élettelen;np;np;????;;prs;a;a;3;sg;;2;1;1;1;0;1;0
????? ????, ????? ??????? ??? ??? ????. ;Popova (2001:78);38;Hatanjev, Pjotr;mese;van;van;egz;s;csésze;???;élettelen;np;np;????;;prs;a;a;3;sg;;0;0;0;0;0;0;0
??? ????? ????, ????? ??????? ??? ??? ????. ??? ?????? ???? ????? ???, ??? ?????? ????? ?? ?????? ??? ?????? ??????.;Popova (2001:78);38;Hatanjev, Pjotr;mese;van;van;egz;s;csésze;???;élettelen;np;np;????;;prs;a;a;3;sg;;2;1;1;1;0;1;0
??-???????? ????????? ?????, ??? ?? ???? ??? ??????. ?? ?????? ??????? ??? ????? ????. ????? ?????? ?????? ??????, ???? ??? ??? ??????. ;Popova (2001:87);43;Hatanjev, Pjotr;mese;van;van;egz;s;asztal;?????;élettelen;np;np;????;;prs;a;a;3;sg;;0;0;0;0;0;0;0
????? ????, ?????? ?????, ??? ????? ????. ???? ???? ??? ???? ????, ?????? ??????.;Popova (2001:89);44;Hatanjev, Pjotr;mese;van;van;egz;s;asztal;?????;élettelen;np;np;????;;prs;a;a;3;sg;;0;0;0;0;0;0;0
"????, ????? ???? ?? ?????.
3. ????? ????? ????? ????? ???????, ????????
??????? ????? ?? ???? ????????? ?? ????????.";Ivanova (2004:13);7;Kugin, Pjotr;mese;van/ül;van;egz/sim;n;menkw;?????;állat;np;np;???????;;prs;a;a;3;pl;;0;0;0;0;0;0;0
?, ????? ???? ???? ?? ???????, ??? ???????, ??-???????. ??? ?? ???-??????, ??? ?? ?? ??????: ?????? ????. ?????? ????:;Gerasimvova-Dinislamova (2012:46);;Sambindalova, Darja;mese;van/ül;van;egz/sim;n;férj;????;ember;np;np;????;;prs;a;a;3;sg;;0;0;0;0;0;0;0
"?????? ???? ???????
?????, ?????? ?????. ?? ??? ??????? ?? ??????, ????? ????? ?????, ?????: ?? ????, ???? ????. ????? ??? ?????, ????: ";Gerasimvova-Dinislamova (2015:122);122;Anjamova, Aleksandra;mese;van/ül;van;egz/sim;t;nõ;??;ember;np;np;????;;prs;a;a;3;sg;;1;0;1;0;0;1;0
"– ?, ????? ??? ?????????????? ????? ?????????
?????? ????? ????. ?????? ????? ???? (?????): ";Gerasimvova-Dinislamova (2015:8);8;Algadjeva, Varvara;mese;van/ül;van;egz/sim;n;holló;?????;állat;np;np;????;;prs;a;a;3;sg;;0;0;0;0;0;0;0
??????? ?????: ???? ???, ????? ??? ??????????? ????, ??? ?? ????? ??????? ??????.;Hromova (2004:23);23;nan;mese;van/ül;van;egz/sim;n;menkw;?????;állat;np;np;????;;prs;a;a;3;sg;;1;1;0;0;1;0;0
?????? ???????????, ????? - ??? ??????? ??? ???????? ??????. ?????? ???????? ??? ????. ??? ?????? ???-??? ???.;Ivanova (2004:28);15;Kugin, Pjotr;mese;van/ül;van;egz/sim;n;lány;???;ember;np;np;????;;prs;a;a;3;sg;;0;0;0;0;0;0;0
"??? ?? ?????. ????? ????????, ????? - ??? ????. ??? ?? ????? ???????
?? ??????: ";Ivanova (2004:30);16;Kugin, Pjotr;mese;van/ül;van;egz/sim;n;férfi;???;ember;np;np;????;;prs;a;a;3;sg;;0;0;0;0;0;0;0
?????, ??? ????? ???????. ???? ??? ???? ????? ???????. ?-?, ????????, ????? ????. ?????? ???????, ??? ??????? ??????? ??? ??????? ??????? ?????? ?????.;LS 2014 no.23:15;367;Algadjeva, Anna;mese;van/ül;van;egz/sim;k;sógor;???;ember;np;np;????;;prs;a;a;3;sg;;0;0;0;0;0;0;0
"? | ?????? | ??????? || 
???????? | ????? ?? | ???? || ";N3;;Panchenko, Ljudmilla;besz;van/ül;van;egz/sim;n;dolog;????? ??;élettelen;np;np;????;;prs;a;a;3;sg;;0;0;0;0;0;0;0
???, ????, ?????? ??? ????? ???? ????? ???? ????????. ?????? ???? ??????, ???? ????????. ?????? ??????? ?????, ?, ???? ????. ????? ???????? ?????????. ;Popova (2001:51);25;Hatanjev, Pjotr;mese;van/ül;van;egz/sim;n;coboly;????;állat;np;np;????;;prs;a;a;3;sg;;0;0;0;0;0;0;0
??? ???????? ?? ?????? ???????, ?? ????? ???????? ?????? ??????? ??????. ??? ???????? ????????? ?????? ?????? ?? ????????, ???? ??? ??? ?? ??????????. ?????? ????? ???? ?? ??? ?????? ?????? ???????? ????????. ;LS 2015 no.22:13;733;Hozumova, Valentina;pub;inaktív;inaktív;ger;s;személy;(pl3);ember;zero;zero;??????????;nt;prs;a;a;3;pl;nas jun;0;0;0;0;0;0;0
???? ?????? ????? ?????????? ????? ?????? ????????, ????? ?? ??????? ??????????? ??-?????????. ??? ????????? ??????-????? ???? ??? ?? ???????, ???????? ????? ?????, ??? ???????? ????? ?? ?? ?????.;LS 2016 no.13:3;962;Hozumova, Valentina;pub;inaktív;inaktív;ger;k;szülõ;?????-????;ember;np;np;???????;;pst;a;a;3;du;jun;0;0;0;0;0;0;0
"?????, ???????, ?????
??? ???? ???????????
????????? ?? ?????????
????? ????? ?????
??? ?????????? ??????????. ";LS 2014 no.2:15;30;Merova, Tamara;pub;mod;mod;ger;k;ember;(?????);ember;zero;zero;??????????;nt;pst;a;a;3;pl;non;1;1;non;1;0;2;2
"???? ????? ??? ????????? ???????, ????? ??? ?????? ????? ?????? ??????????,
????? ?????? ????????
?? ?? ???????????. ";LS 2016 no.21:13;1101;Hozumova, Valentina;pub;ül;ül;ger;t;férfi;??? ?????;ember;np;np;??????????;nt;prs;a;a;3;pl;non;1;1;0;0;1;0;0
?? ?????????????? ????a?? ???-???? ??????? ?????? ???? ???????? ?????? ??????????????? ???????????. ????? ??? ?????????? ?????? ?? ??????????. ?????? ?? ?????? ?? ?????????????? ?????????? ???? ????????, ?? ?????? ???? ????? ????.;LS 2014 no.5:13;77;Hozumova, Svetlana;pub;ül;ül;ger;t;nép;?????;ember;np;np;??????????;xol;pst;a;a;3;pl;ta;1;0;1;0;0;1;1
?? ????? ??? ?? ??? ????? ?? ?? ??????????????, ???? ??????? ????????? ???????. ???????, ??? ????? ?????? ??, ?????? ??????? ?? ????????. ??? ????? ???????????, ?????????????, ????? ???, ?????? ??? ????????. ;LS 2015 no.3:15;431;Rombandejeva, Svetlana;pub;ül;ül;ger;t;személy;(sg3);ember;zero;zero;????????;xol;prs;a;a;3;sg;ta;1;0;1;0;0;1;0
????? ????????? ?? ????????. (folyt: ???? ??, ??? ???????? ?? ????, ???? ??»);Popova (2001:28);13;Hatanjev, Pjotr;mese;ül;ül;ger;t;apa;(???);ember;zero;zero;????????;xol;prs;a;a;3;sg;ta;0;0;0;0;0;0;0
??-???? ????? ??????? ?????? ????? ??? ??? ???? ?????-????????? ??-????, ??? ??? ????? ????? ?????, ?? ???? ?????????. ????????? ?? ??? ??????, ????????? ?????». ;LS 2014 no.3:16;57;Vjutkin, Aleksandr;pub;ül;ül;ger;t;személy;pl1;ember;pro;pro (szem);?????;;prs;a;a;1;pl;non;0;0;0;0;0;0;0
????? ????? ??? ????? ??? ???? ???????. ????? ??? ????? ???????. ??????? ??? ????? ????, ???????. (folyt: ?????, ???, ??????? ????.);LS 2014 no.23:15;367;Algadjeva, Anna;mese;ül;ül;ger;t;ember;(???);ember;zero;zero;????;;prs;a;a;3;sg;non;0;0;0;0;0;0;0
"??? ???? ????, ?-??,
??? ???????? ?? ??????, ???e?: ";Popova (2001:100);49;Hatanjev, Pjotr;mese;ül;ül;ger;n;személy;(sg3);ember;zero;zero;????;;prs;a;a;3;sg;non;1;0;1;0;0;1;0
??? ????? ?????? ????? ????, ????????? ????????? ??????????, ?? ???????: «?????, ??? ?????? ?????? ????????»  «? ??????, ???, ????, ????». ;Ruk_3;;Rukova, Uljana;besz;ül;ül;ger;t;feleség;????;ember;np;np;????;;prs;a;a;3;sg;non;0;0;0;0;0;0;0
"????? ??? ???????? ???????? ??? ???, ??? ????????-???????? ???????? ????? ???? ???? ?????? ??????????. ?????
???????? ???????????, ????? ????? ???????? ?? ?????????? ?? ??? ???????? ??????, ??????? ???? ??????? ??? ??? ?? ??????????. ";LS 2016 no.18:3;1043;Merova, Tamara;pub;mod;mod;pár;n;gyerek;???-???;ember;np;np;??????????;nt;prs;a;a;3;pl;non;2;1;1;1;0;1;0
???? ???? ???? ?????????, ?????????, ????:;Hromova (2004:15);15;nan;mese;inaktív;inaktív;hal;k;bácsi;????;ember;np;np;?????????;xol;pst;a;a;3;sg;;0;0;0;0;0;0;0
??? ?? ??????????, ?? ????, ?????.;Ruk_3;;Rukova, Uljana;besz;inaktív/ül;inaktív;hal;k;személy;(pl1);ember;zero;zero;?????;;prs;a;a;1;pl;;2;1;1;1;0;1;0
"??? ?? ????????? ?????. ??
???????? ?? ?????. ?? ???? (???? ?????) – ??????. ?????? ??? ?????? ????? ?? ??????.";Gerasimvova-Dinislamova (2015:8);8;Algadjeva, Varvara;mese;inaktív/ül;inaktív;hal;n;személy;(sg3);ember;zero;zero;????;;prs;a;a;3;sg;;0;0;0;0;0;0;0
??? ????? ????? ???? ?? ???????, ???????.;Hromova (2004:15);15;nan;mese;ül;ül;hal;t;személy;(sg3);ember;zero;zero;???????;nt;prs;a;a;3;sg;;0;0;0;0;0;0;0
"– ???? , ?????? ???? ????, ??????? ?? ????????, ????? ?????.
??? ??? ?? ??????? ???, ?????????, ?????????, ????? ???? ?? ?????. ??? ?????, ????:";LS 2016 no.5:15;847;"Merova, Aksinja; Kondina, Galina";pub;ül;ül;hal;t;férfi;(???);ember;zero;zero;?????????;xol;pst;a;a;3;sg;;0;0;0;0;0;0;0
?????? ????? ?????? ?????? ????? ????? ??? ?????? ????? ???? ?????????, ???? ?????? ?????????? ???????. ??? ??? ????????????, ???????????. ??? ???? ????? ????? 12 ??????? 1941 ???? ??????? ????? ?????.;LS 2015 no.6:6;470;Rombandejeva, Svetlana;pub;ül/idõt tölt;ül/idõt tölt;hal;n;személy;du1;ember;pro;pro (szem);????????????;xol;pst;a;a;1;du;;1;1;0;1;0;0;0
??? ?????? ????? ?????? ?????? ???. ????? ????? ?????? ??? ????? ?????????, ??? ????????????, ???????????.;LS 2015 no.8:10;506;Rombandejeva, Svetlana;pub;ül/idõt tölt;ül/idõt tölt;hal;n;személy;(du1);ember;zero;zero;????????????;xol;pst;a;a;1;du;;2;1;1;1;0;1;0
???? ???? ???? ???-?????, ????????? ?? ???. ??? ??? ??? ????? ????? ?????? ??????????, ??????????. ;LS 2014 no.12:6;182;Puzina, Valentina;pub;ül/idõt tölt;ül/idõt tölt;hal;n;személy;pl1;ember;pro;pro (szem);??????????;xol;pst;a;a;1;pl;;0;0;0;0;0;0;0
??? ??????? ?????? ??? ???????? ????? ??????, ?????? ?????? ????? ?? ???????????, ????????? ?? ?????, ?? ?????, ?????? ?????? ???-??????? ???????????, ?????????, ???????????.;LS 2014 no.15:9;233;Dinislamova, Svetlana ;pub;ül/idõt tölt;ül/idõt tölt;hal;n;gyerek;(??????);ember;zero;zero;???????????;xol;prs;a;a;3;pl;;0;0;0;0;0;0;0
????? ????? ????? ??????????, ???? ??? ?????, ??????? ???????? ???????? ???? ??????????. ;LS 2014 no.2:10;26;Rombandejeva, Svetlana;pub;ül/idõt tölt;ül/idõt tölt;hal;n;nép;?????;ember;np;np;??????????;xol;pst;a;a;3;pl;;1;0;1;0;0;0;1
??? ??? ????? ???????? ????? ??????????, ??? ??????????, ??????????, ??????????. ??? ?????? ?????? ???, ?????? ?????????? ????????? ?? ???????? ?????????? ??????, ?????? ???????? ??? ?????? ???? ??????????. ;LS 2014 no.22:13;349;Rombandejeva, Svetlana;pub;ül/idõt tölt;ül/idõt tölt;hal;n;személy;(pl1);ember;pro;pro (szem);??????????;xol;pst;a;a;1;pl;;0;0;0;0;0;0;0
?? ????? ???? ????????? ?? ????????? ?????, ?????? ???????? ???? ?????????, ???? ???????????. ??? ??? ????? ????? ?? ???, ??? ??? ??????????, ??????????. ?????? ???????? ?????? ?? ??? ?????? ?????? ????? ??????, ??? ?????. ??? ??? ????? ??? ????? ???????????.;LS 2015 no.12:13;574;Rombandejeva, Svetlana;pub;ül/idõt tölt;ül/idõt tölt;hal;n;személy;(pl1);ember;zero;zero;??????????;xol;pst;a;a;1;pl;;1;1;0;1;0;0;0
?? ?????? ????, ??????? ????????, ???? ?????? ????? ?? ?????????. ??? ??? ??????????, ??????????. ???? ????????? ????? ?????? ?? ????, ????? ????? ???.;LS 2015 no.18:8;664;Rombandejeva, Svetlana;pub;ül/idõt tölt;ül/idõt tölt;hal;n;személy;pl3;ember;pro;pro (szem);??????????;xol;pst;a;a;1;pl;;2;1;1;1;0;1;0
????????, ?????? ??? ??? ???? ?????????, ????????. ;LS 2015 no.3:12;428;Vasiljeva, Valentina;pub;ül/idõt tölt;ül/idõt tölt;hal;n;személy;(pl1);ember;zero;zero;?????????;xol;prs;a;a;1;pl;;0;0;0;0;0;0;0
??? ????? ?????-?????????, ?????? ?? ?????????, ???????????, ??? ?????, ??????????.;LS 2015 no.8:7;503;Matvejeva, Svetlana;pub;ül/idõt tölt;ül/idõt tölt;hal;n;személy;(pl1);ember;zero;zero;??????????;xol;pst;a;a;1;pl;;0;0;0;0;0;0;0
??? ??? ??????????, ??????????.;LS 2015 no.9:13;525;Rombandejeva, Svetlana;pub;ül/idõt tölt;ül/idõt tölt;hal;n;személy;pl1;ember;pro;pro (szem);??????????;xol;pst;a;a;1;pl;;1;1;0;0;1;0;0
"?? ????? ????? ?????????? 300 ??????? ????????? ????? ????????????. ??? ????? ??????? ??????, ?????? ?????? ?????? ?? ????? ????? ??????????, ??????? ?????, ??? ?????.
?? ??????? «??? ?????» ?????? ???????? ?? ??????. ";LS 2016 no.12:14;958;Tjetkina, Ljudmilla;pub;ül/idõt tölt;ül/idõt tölt;hal;n;nép;(?????);ember;zero;zero;??????????;xol;pst;a;a;3;pl;;0;0;0;0;0;0;0
?????? ?????? ?????????? ?????? ?????-?????????, ????? ????????????, ??????????, ??????????. ?? ???? ????? ???? ??????? ????? ?????? ?? ????, ???? ???????????.;LS 2016 no.15:8;1000;Rombandejeva, Svetlana;pub;ül/idõt tölt;ül/idõt tölt;hal;n;felnõtt;(?????????);ember;zero;zero;??????????;xol;pst;a;a;3;pl;;1;0;1;0;0;1;0
???????? ??? ???????????? ??????????????, ??? ??????? ?????????, ???? ???? ????????. ???????? ?????, ?????? ??? ??????????????????, ???????????, ??????????. ??????? ??????? ???????? ?????? ????? ????? ??? ???????????, ??????? ???????? ????? ?? ?????? ?????????????? ????????.;LS 2016 no.15:9;1001;Rombandejeva, Svetlana;pub;ül/idõt tölt;ül/idõt tölt;hal;n;személy;(pl3);ember;zero;zero;???????????;xol;prs;a;a;3;pl;;0;0;0;0;0;0;0
«?? ??????? ???? ????? ?????????, ???????? ??? ??? ??? ?? ?????????, ????????. ?? ?????????, ??? ?????? ???-???????????? ???.;LS 2016 no.17:12;1036;Rombandejeva, Svetlana;pub;ül/idõt tölt;ül/idõt tölt;hal;n;személy;pl1;ember;pro;pro (szem);?????????;xol;prs;a;a;1;pl;;0;0;0;0;0;0;0
???, ?? ??????, ????? ?????, ?????? ?????? ???????? ??????, ????? ?????. ?????? ???? ???? ????? – ????, ??? ???, ?????????, ????? ????????? ????????. ????????? ??????????? ????? ????? ????? ?????????? ??? ???????????.;LS 2016 no.18:13;1053;Rombandejeva, Svetlana;pub;ül/idõt tölt;ül/idõt tölt;hal;n;személy;pl1;ember;zero;zero;?????????;xol;prs;a;a;1;pl;;1;0;1;0;0;0;1
«?????? ??????» ???? ?? ??????? ???????????, ??? ?????? ?????? ?? ????????????????, ?????? ?????????, ????????, ??? ???? ?????? ??????????.;LS 2016 no.20:13;1085;Rombandejeva, Svetlana;pub;ül/idõt tölt;ül/idõt tölt;hal;n;személy;(pl1);ember;zero;zero;?????????;xol;prs;a;a;1;pl;;1;0;1;0;0;0;1
«??????? ?? ????? ????? ???? ?????????, ?????? ????????? ????????????, ?????? ????? ??????????. ????? ????? ????? ??? ?????? ????? ????? ????? ?????????, ??????????, ??????????, ???????? ?? ??????. ?? ????? ??? ?????? ?????????? ??????? ???????? ?? ??????????, ;LS 2016 no.22:15;1119;Rombandejeva, Svetlana;pub;ül/idõt tölt;ül/idõt tölt;hal;n;nép;?????;ember;np;np;??????????;xol;pst;a;a;3;pl;;1;1;0;0;1;0;0
«???????? ??? ??????? ??? – ???? ??? ???????????????????, ?????? ?????????, ????????, ??? ????? ??????????????. ????????? ???? ????????? ?? ?? ???????, ????? ?? ?? ????????????, ??? ???-?????????? ?? ??????.;LS 2016 no.7:12;876;Matvejeva, Svetlana;pub;ül/idõt tölt;ül/idõt tölt;hal;n;személy;(pl1);ember;zero;zero;?????????;xol;prs;a;a;1;pl;;0;0;0;0;0;0;0
???? ???? ??? ????? ??????, ?????? ???? ????». ??? ????????? ???????? ????, ??? ? ?????????, ????????.;LS 2014 no.2:10;26;Rombandejeva, Svetlana;pub;ül/idõt tölt;ül/idõt tölt;hal;n;fiú;(???);ember;zero;zero;?????????;xol;pst;a;a;3;sg;;1;1;0;1;0;0;0
??????? ?????????? ?????? ?? ?????? ????? ?????????? ?????? ??????, ?? ?????? ??????. ?? ??? ???????? ?????????, ??? ???? ??? ??????????, ??????????. ??? ??? ????? ??????? ?????????? ????? ???????????.;LS 2015 no.24:12;764;Rombandejeva, Svetlana;pub;ül/idõt tölt;ül/idõt tölt;hal;n;személy;(sg1);ember;zero;zero;??????????;xol;pst;a;a;1;sg;;1;1;0;1;0;0;0
??? ??? ?????-??? «????» ??? ????? ???????? ???? ????-????? «?????» ??? ????? ???????? ???? ???? ????????? ????. ??? ???????, ??????????. ;LS 2014 no.3:15;47;Merova, Tamara;pub;ül/idõt tölt;ül/idõt tölt;hal;n;személy;???;ember;pro;pro (szem);???????;;pst;a;a;3;du;;1;1;0;1;0;0;0
??????????, ??????? ???, ??????????.;Popova (2001:45);22;Hatanjev, Pjotr;mese;ül/idõt tölt;ül/idõt tölt;hal;n;személy;pl3;ember;pro;pro (szem);???????;;prs;a;a;3;pl;;0;0;0;0;0;0;0
??? ???????? ?????? ??? «?????????» ?????????? ?????. ??? ?????? ??????????????, ?????? ??? ????? ???????, ???????? ?????????????.;LS 2015 no.8:11;507;Anjamova, Anna;pub;ül/idõt tölt;ül/idõt tölt;hal;n;személy;(sg1);ember;zero;zero;???????;;pst;a;a;1;sg;;1;1;0;1;0;0;0
"?? ???? ??? ????? ?? ???????????, ?????, ??? ????? ??? ?????????. ??? ??? ??????? ????? ??????
?? ?? ??? ???????????, ??????????, ?? ?????? ?? ?????? ???????? ????, ????? ????????? ??? ?? ???????, ??????? ??? ?? ?? ???????. ";LS 2016 no.20:11;1083;Merova, Tamara;pub;ül/inaktív;ül;hal;n;személy;du1;ember;pro;pro (szem);???????????;nt;pst;a;a;1;du;;1;0;1;0;0;1;0
????? ?????, ??????? ??????????: «????? ??????» ???? ????? ??????? ?? ????, ???????? ?? ?? ????, ??? ?? ???????. ???? ?? ???? ????? ?? ?????????. ?????? ?????? ??????????, ???? ????? ????? ???? ?? ????????. ;LS 2015 no.21:8;711;Vasiljeva, Valentina;pub;ül/inaktív;ül;hal;n;személy;(sg3);ember;zero;zero;???????;nt;prs;a;a;3;sg;;0;0;0;0;0;0;0
??? ???-??????, ?????? ????? ????????, ?? ?????. ???????? ???-???????, ?????: «???, - ?????, - ????? ????? ??????????»;Gerasimvova-Dinislamova (2012:26);;Sambindalova, Darja;mese;ül/inaktív;ül;hal;k;báty;?????;ember;np;np;?????;;prs;a;a;3;du;;0;0;0;0;0;0;0
?? ?? ??? ?? ????? ????? ?????????. ?? ?????, ????? (????-???????), ?????? ?? ??? ?? ????????? ?????.;Gerasimvova-Dinislamova (2015:10);10;Algadjeva, Varvara;mese;ül/inaktív;ül;hal;n;személy;(sg3);ember;zero;zero;?????;;pst;a;a;3;sg;;0;0;0;0;0;0;0
?? ?? ??? ?? ????? ????? ?????????. ?? ?????, ????? (????-???????), ?????? ?? ??? ?? ????????? ?????.;Gerasimvova-Dinislamova (2015:10);10;Algadjeva, Varvara;mese;ül/inaktív;ül;hal;n;személy;(sg3);ember;zero;zero;?????;;pst;a;a;3;sg;;0;0;0;0;0;0;0
"– ?, ????????, ?? ??? ????? ???????????? ???
????????????, ?? ???????? ??? ????? ???????? ?? ????
???? ????. 
9. ? ?? ????-??????? ??? ????, ??????. ??? ??? ????? ?????, ?????? ??? ?? ????????: ";Gerasimvova-Dinislamova (2015:12);12;Algadjeva, Varvara;mese;ül/inaktív;ül;hal;n;személy;tulajdonnév;ember;np;np;????;;prs;a;a;3;sg;;0;0;0;0;0;0;0
"??? ??????? ????? ????:
– ?? ????? ?????, ?? ????? ?????…
???? ??????? ????? ??, ??? ???? ????????, ????, ???
?????? ????? ????? – ??? ?????, ????? ????? – ??? ?????. ";Gerasimvova-Dinislamova (2015:88);88;Sambindalova, Darja;mese;ül/inaktív;ül;hal;k;anya;(????);ember;zero;zero;????;;prs;a;a;3;sg;;0;0;0;0;0;0;0
"???? ???? ??? ??? ????????
????????, ???-??????, ????????? ????, ?????. ";Popova (2001:30);14;Hatanjev, Pjotr;mese;ül/inaktív;ül;hal;n;fejedelem;(????);ember;zero;zero;????;;prs;a;a;3;sg;;0;0;0;0;0;0;0
????? ????? ?? ?????? ????? ?????????, ????? ?????? ????? ??????????? ??????? ????? ??????, ???????? ?????? ???-??????????? ???????? ?? ??? ??? ???? ?????? ??? ????? ??????. ????????? ??? ?????? ???? ????????? ??????, ???? ?????? ???????????, ???????.;LS 2014 no.17:2;258;Hozumova, Svetlana;pub;van/ül;van;hal;n;gyerek;(??????);ember;zero;zero;???????????;xol;prs;a;a;3;pl;;1;1;0;1;0;0;0
"??????? ?????? ??????? ??????-?????????????, ????? ???????????.
?? ??? ??? ??????? ?? ??????. ????????? ????????, ????????, ???????????. ???????? ???-?????????, ??? ??? ?????????. ????? ????? ?????????, ?????? ??? ??????, ??????????.";LS 2015 no.12:13;574;Rombandejeva, Svetlana;pub;van/ül;van;hal;n;személy;(sg1);ember;zero;zero;???????????;xol;prs;a;a;1;sg;;1;1;0;1;0;0;0
"???????? ??? «???? ?????» ????? ??????, ????? ??? ???? ?????? ?????: ??? ???????? ?? ???????? ???????, ???????? ???????, ???? ???????, ?????? ???????? ????????? ????????,
????? ????? ????????? ?????, ??????...";LS 2014 no.15:9;233;Dinislamova, Svetlana ;pub;van/ül;van;hal;k;gyerek;(??????);ember;zero;zero;???????;;prs;a;a;3;pl;;1;1;0;1;0;0;0
"??? ??? ???? ???, ?? ???????. ????, ??? ???????, ????
??? ??????????: ??? ??? ????, ??? ???? ???? ???????. ??????? ??? ????????? ? ????? ???????.";Gerasimvova-Dinislamova (2015:42);42;Sambindalova, Darja;mese;elrendezõdik;elrendezõdik;sim;s;kacsatoll, kacsacsont;??? ???, ??? ???;élettelen;np;np;???????;;prs;a;a;3;pl;;1;1;0;1;0;0;0
????????, ?? ?? ??????. ??? ?????? ??? ???? ??? ??? ????? ???? ?? ??????? ????, ?????? ??????? ???. ??? ?????? ?????? ??? ????? ??? ??? ??? ?? ???,;Gerasimvova-Dinislamova (2015:96);96;Dvinjaninova, Marija;mese;elrendezõdik;elrendezõdik;sim;s;halom;???;élettelen;np;np;????;;prs;a;a;3;sg;;1;0;1;0;0;1;0
?????-???????? ??? ???? «??????-?????» ????? ??? ?? «????» ????????? ??? ?? ??????? ????????? ????????. ????????????? ??? ?????? ????????? ??????? ??????? ??????, ????????? ??? ?????? ?? ????. ??? ???? ????? ???????? ?? ?? ?????. ;LS 2016 no.2:3;787;Merova, Tamara;pub;inaktív;inaktív;sim;s;szálloda;?????????;élettelen;np;np;????;;prs;a;a;3;sg;;2;1;1;1;1;0;1
??? ?????? ????? ?? ????. ???? ?????? ????? ??? ?????????????. ???? ???? ?? ??? ??????? ????? ???????. ????? ????? ??????? ??????????. ;LS 2016 no.2:11;794;Merova, Tamara;pub;van;van;kop;k;nagyapa;???;ember;np;np;???????;nt;prs;a;a;3;sg;;0;0;0;0;0;0;0
??? ?????????? ???? ????, ?????? ????? ?????????????. ?? ??? ??????: ????? ????? ?????, ????? ????. ?????? ?????:;Popova (2001:72);35;Hatanjev, Pjotr;mese;van;van;kop;s;sítalp;???;élettelen;np;np;?????;;prs;a;a;3;du;;0;0;0;0;0;0;0
???? ?????? ????????? ?????? ?? ?????????. ??? ???? ???? ????? ???? ?????-???? ?????????? ?? ?????? ???? ??? ??? ???????. ???? ????????? ??? ????? ????? ?????? ?? ?????? ????? ??? ??? ??? ???...;LS 2014 no.18:13;285;Tjetkina, Ljudmilla;pub;van;van;kop;k;szülõ;?????-????;ember;np;np;???????;;prs;a;a;3;pl;;2;1;1;0;1;1;1
????????? ????? ?? ??? ????? ??????? ???????? ????? ?????? ??? ????? ???? ?????? ??????, ??? ?????? ?????????? ??????. ?????-???????? ??? ??? ???? ?????? ??????? – ????? ????? ????? ??? ???????? ??????, ?????? ????????????? ????????.;LS 2015 no.20:2;690;Hozumova, Valentina;pub;van;van;kop;s;gazda;?????;ember;np;np;???????;;pst;a;a;3;pl;;1;1;0;1;1;0;0
"?? ???????, ???? ???????. ??? ??????????? ????? ?????? ???????. ????????? ????? ????:
– ????, ?????? ?????? ?? ????????.";LS 2015 no.23:15;751;"Mezencheva, S; Merov, Nikolay";mese;van;van;kop;s;lány;???;ember;np;np;???????;;prs;a;a;3;pl;;0;0;0;0;0;0;0
??????? ????? ????????? - ??? ???? ???????? ??? ?????? ??????. ???-???????: ???? ???????, ??? ?????????? ????. ?, ?????? ??? ????.;Gerasimvova-Dinislamova (2012:40);;Sambindalova, Darja;mese;van;van;kop;s;ház;???;élettelen;np;np;????;;prs;a;a;3;sg;;1;0;1;0;0;1;0
"??? ???? ??????
?? ??????? ??? ????? ?? ????.";LS 2015 no.1:9;393;Merov, Nikolay;pub;van;van;kop;s;ház;???;élettelen;np;np;????;;prs;a;a;3;sg;;1;1;0;1;0;0;0
??? ????? ???? ????? ???????? ??????? ??? ?????, ????? ?????????? ???????. ?? ???-???? ??? ????, ?????? ???? ??????? ?????? ???? ?????, ??? ???????? ?? ????????? ??? ?? ???????. ;LS 2015 no.12:3;563;Hozumova, Valentina;pub;van;van;kop;k;személy;sg3;ember;pro;pro (von);?????;;pst;a;a;3;sg;;1;1;0;1;0;0;0
????? ?????????, ???? ????? ?? ?????. ???? ?????, ???? ???, ???????. ?????????? ?????, ????????, ????????? ??? ????. ?? ???? ?????. ?????? ?????? ????, ?? ??????.;LS 2015 no.14:14;606;"Merova, Marija; Nikitin, Nikolay";mese;van;van;kop;s;ház;???;élettelen;np;np;????;;prs;a;a;3;sg;;0;0;0;0;0;0;0
????? ??? ???-??????. ??? ????????????????, ?????, ??? ??????? ?? ????????, ????????? ??? ????. ???????? ????:;LS 2015 no.14:14;606;"Merova, Marija; Nikitin, Nikolay";mese;van;van;kop;s;ház;???;élettelen;np;np;????;;prs;a;a;3;sg;;0;0;0;0;0;0;0
????? ?????????, ???? ????? ?? ?????. ???? ???, ???????. ??????????, ?????, ????????, ????????? ??? ????. ?? ???? ?????. ??? ?????? ??????? ????????, ????. ;LS 2015 no.14:14;606;"Merova, Marija; Nikitin, Nikolay";mese;van;van;kop;s;ház;???;élettelen;np;np;????;;prs;a;a;3;sg;;0;0;0;0;0;0;0
??? ????????????????, ?????, ??? ??????? ?? ????????, ????????? ??? ????. ???????? ????:;LS 2015 no.14:14;606;"Merova, Marija; Nikitin, Nikolay";mese;van;van;kop;s;ház;???;élettelen;np;np;????;;prs;a;a;3;sg;;0;0;0;0;0;0;0
????? ?????????, ???? ????? ?? ?????. ???? ???, ???????. ?????????? ?????, ????????, ????????? ??? ????. ?? ???? ?????. ??? ?????? ??????? ????????, ????. ;LS 2015 no.14:15;607;"Merova, Marija; Nikitin, Nikolay";mese;van;van;kop;s;ház;???;élettelen;np;np;????;;prs;a;a;3;sg;;0;0;0;0;0;0;0
????? ??? ???-??????. ??? ????????????????, ?????, ??? ??????? ?? ????????, ????????? ??? ????. ???????? ????:;LS 2015 no.14:15;607;"Merova, Marija; Nikitin, Nikolay";mese;van;van;kop;s;ház;???;élettelen;np;np;????;;prs;a;a;3;sg;;0;0;0;0;0;0;0
??? ?????, ?????? ??? ???? ????? ???. ????? ????? ?? ???? ??? ???? ??? ????, ??????? ???????? ???????? ?? ??????? ?????? ?????? ??? ????? ??? ???????? ?????. ;LS 2015 no.15:2;610;Algadjeva, Ljudmila;pub;van;van;kop;s;ház;???;élettelen;np;np;????;;prs;a;a;3;sg;;1;1;0;1;1;0;0
????? ??????? ????????????, ?? ??? ?? ???????, ?? ??????????. ??? ????? ?? ???????, ??? ?????, ????????? ???? ?????? ????????, ???? ???-????????. ????????? ?? ???????????. ;LS 2015 no.23:7;743;Algadjeva, Ljudmila;pub;van;van;kop;k;személy;(sg1);ember;zero;zero;???????;;prs;a;a;1;sg;;0;0;0;0;0;0;0
???? ??? ???? ???? ???? ?? ????, ???? ???? ??? ????. ???? ???? ?? ??????? ??-??????? ?? ???? ????????????, ??? ???????? ????? ?????? ?????-??????????. ???? ??? ???? ?? ????, ??? ??????? ?????????. ?? ?????? ???? ???? ??? ??? ??? ??????????, ??????? ???? ?? ???????, ????? ?????? ????????? ???? ?? ?????????.;LS 2016 no.10:7;920;Merova, Tamara;pub;van;van;kop;s;víz(állás);???;élettelen;np;np;????;;prs;a;a;3;sg;;1;0;1;0;0;0;1
"???? ??? ????? ?????, ???????????? ?????:
– ????? ?? ????? ??? ????? ???????, ???? ????? ????? ?? ?????, ??? ?? ??????? ???? ??? ?????????? ???????.";LS 2016 no.15:14;1006;Kondina, Galina;mese;van;van;kop;s;személy;sg1;ember;pro;pro (szem);???????;;prs;a;a;1;sg;;1;1;0;1;1;0;0
"??? ??????? ??????,
??? ??? ????, ????";Popova (2001:100);49;Hatanjev, Pjotr;mese;van;van;kop;s;ház;???;élettelen;np;np;????;;prs;a;a;3;sg;;0;0;0;0;0;0;0
?, ???? ?? ???????, ?????????? ?????????. ??????? ?????? ?????? ??? ?? ?????, ?????, ????? ?? ? ?????, ??? ????? ?? ??? ????. ?????? ????? ????: ;Popova (2001:54);26;Hatanjev, Pjotr;mese;van;van;kop;s;zsák;????? ;élettelen;np;np;????;;prs;a;a;3;sg;;0;0;0;0;0;0;0
?????? ??????? ????, ???? ??? ????. ???? ????, ????? ????? ???? ????. ;Popova (2001:64);31;Hatanjev, Pjotr;mese;inaktív;inaktív;sim;s;csésze;???;élettelen;np;np;????;;prs;a;a;3;sg;;0;0;0;0;0;0;0
??? ??????? ????? ?. ????????, ?. ????????, ?. ????????? ?? ?.????? ??????????. ???????? ??? ?? ????????? ??????? ?????? ?? ???????. ??? ????? ????????? ???? ?? ???????? ???? ??? ?????? ??????????.;LS 2016 no.1:3;771;Vasiljeva, Valentina;pub;van/ül;van;kop/sim;n;gazda ;?????;ember;np;np;???????;;pst;a;a;3;pl;;0;0;0;0;0;0;0
"????? ????? ??? ?????
??????. ??????? ??? ?????. ?-?, ????? ??? ????, ?????: ""...""";LS 2014 no.23:15;367;Algadjeva, Anna;mese;van/ül;van;kop/sim;n;feleség;????;ember;np;np;????;;prs;a;a;3;sg;;0;0;0;0;0;0;0
"????????????, ??????? ?? ??????? ??????????????. ?????
?? ???????????? ?????? ??? ??? ????? ?????, ??? ???? ?????? ??? ???????? ????????, ?????? ?????? 59 ?????.";LS 2014 no.18:15;287;Tjetkina, Ljudmilla;pub;van;van;loc;s;falu;?????;élettelen;np;np;?????;;prs;a;a;3;du;;1;0;1;0;0;0;1
???? ?????? ???????, ??? ???? ??? ???? ????. ??? ??? ??? ????????? ?????? ??????????. ???????? ??? ????? ???????. ??????? ????????? ?????.;LS 2014 no.9:13;141;nan;pub;van;van;loc;s;ház;???;élettelen;np;np;???????;;pst;a;a;3;du;;2;1;1;1;0;1;0
"??? ?? ?? ?????????????, ?? ??????? (?? ????? ??).
14. ?, ??? ????? ??? ??? ???????. ??? ????? ?????, ?? ????? ??????? ????????? ?? ???????? ??????.";Gerasimvova-Dinislamova (2015:44);44;Sambindalova, Darja;mese;van;van;loc;s;hal;(???);állat;zero;zero;???????;;pst;a;a;3;pl;;0;0;0;0;0;0;0
?? ???????? ????? ?? ??? ?? ?????-????? ??? ????. ????? ? ???? ????? ???? ??? ?????? ?????? ??? ? ???? ????? ???????, ??? ??? ???????? ????? ????? ????. ;LS 2014 no.11:9;169;Anjamov, Aleksandr;pub;van;van;loc;s;falu;?????;élettelen;np;np;???????;;prs;a;a;3;pl;;2;1;1;1;1;1;0
??? ?????? ??? ????? ??? ???????????. ???? ?????? ??? ??? ????. ????? ?????? ??? ????? ???????. ????? ??????? ?????????. ????? ?? ????? ????? ?????? ?????, ??? ?? ?????? ???? ????? ????? ???????????:;LS 2015 no.16:10;634;Merov, Nikolay;pub;van;van;loc;s;ház;???;élettelen;np;np;???????;;pst;a;a;3;pl;;2;1;1;1;0;1;0
"?? ?????? 200 ?????? ??????? ????? ??????.
??? ????? ??????? ???????? ???????. ??? ????? ?????? ????????????, ?????? ????? ????????? ????? ??????????.";LS 2016 no.23:13;1133;Vasiljeva, Valentina;pub;van;van;loc;s;gyerek;??????;ember;np;np;???????;;pst;a;a;3;pl;;0;0;0;0;0;0;0
"??? ???????: ????-??? ?????? ???? ?????? ????? ??-??????. ????? ??? ????? ????? ?? ????? ??, ?????. ????? (????-???) ?? ????.
– ??-?, ??? ??????? ????? ????????";Gerasimvova-Dinislamova (2015:102);102;Anjamova, Aleksandra;mese;van;van;loc;s;személy;sg3;ember;pro;pro (vissz);????;;prs;a;a;3;sg;;0;0;0;0;0;0;0
– ???, ??????? ??? ?? ????????. ??????? ??? ????? ??????????, ???????? ??? ????? ???? – ???????? ????. ??? ??? ???????? ??? ???? ?????. ;Gerasimvova-Dinislamova (2015:80);80;Sambindalova, Darja;mese;van;van;loc;k;szellem;(???);állat;zero;zero;????;;prs;a;a;3;sg;;0;0;0;0;0;0;0
"?????? ???? ????? ??? ???,
????? ?????? ???? ????.
????????, ??????????,";Gyinyiszlamova (2008: 90);;Dinislamova, Svetlana ;vers;van;van;loc;k;lakhely;?????;élettelen;np;np;????;;prs;a;a;3;sg;;1;1;0;1;0;0;0
??? ?? ????? ;K3;;Dinislamova, Svetlana ;besz;van;van;loc;s;háló;(????);élettelen;zero;zero;????;;prs;a;a;3;sg;;0;0;0;0;0;0;0
??? | ? ????? ??? | ??? ????? || ;K3;;Dinislamova, Svetlana ;besz;van;van;loc;s;ház;???;élettelen;np;np;?????;;pst;a;a;3;sg;;1;0;1;0;0;1;0
??? ????? ??? | ??? ???? ???? | #????? | ????? ???? ||;K3;;Sadomina, Tatjana;besz;van;van;loc;s;ház;???;élettelen;np;np;????;;prs;a;a;3;sg;;2;1;1;1;0;1;0
"? ??? ?? ??? | ????? | ????? ????? | ??? ?? ???? || 
(N1: ??? ?? ?????)";K3;;Kugin, Pjotr;besz;van;van;loc;s;háló;(????);élettelen;pro (határozatlan);pro (határozatlan);????;;prs;a;a;3;sg;;0;0;0;0;0;0;0
?????? ??-???? ?????, ???? ?? ?????. ??? ???? ????? ??? ????? ??? ????? ??-?????? ????. ????? ????? ?? ??? ????? ????? ??? ????????????, ????? ??? ??????? ?? ??????????. ;LS 2014 no.14:14;222;Tjetkina, Ljudmilla;pub;van;van;loc;s;falu;?????;élettelen;np;np;????;;prs;a;a;3;sg;;0;0;0;0;0;0;0
?????????? ????? ???? ????? ??? ????. ????? ?? ??? ?????????, ??????????, ???? ?????? ??? ?? ????? ??????, ??? ??????? ??????.;LS 2014 no.19:14;302;Merova, Tamara;pub;van;van;loc;s;falu;?????;élettelen;np;np;????;;prs;a;a;3;sg;;0;0;0;0;0;0;0
??????????? ?????? ????????? ????? ?? ? ????? ????. ????? ??????? ???? ???? ???. ;LS 2014 no.21:5;325;Tasmanova, Ljudmilla;pub;van;van;loc;s;falu;?????;élettelen;np;np;????;;prs;a;a;3;sg;;1;0;1;0;0;1;0
???????? ?????????? ?????-???????? (??? ????? ????????) ????? ???????? ????? ?????? ????? ?????. ?? ???????? ?? ?? ????? ????? ? ????? ?????. ??? ?????? ????????? ?????? ????? ????? ????, ?? ????? ??????? ????????? ?????? ??? ??? ????.;LS 2014 no.23:13;365;Merova, Tamara;pub;van;van;loc;s;falu;?????;élettelen;np;np;?????;;pst;a;a;3;sg;;1;0;1;0;0;1;0
"??????? ??? ?? ?????.
???????? ?? ????, ????????
???? ?????,
???? ???? ??? ?????.";LS 2014 no.5:6;70;Bahtjarova, Tatjana;vers;van;van;loc;k;anya;????;ember;np;np;????;;prs;a;a;3;sg;;0;0;0;0;0;0;0
"????? ??? ""???????""
??? ??????, ?? 2004 ??? ????? «????????» ????? ??????. ?? ????? ???????? ? ????? ????.";LS 2014 no.6:15;95;Merova, Tamara;pub;van;van;loc;s;falu;?????;élettelen;np;np;????;;prs;a;a;3;sg;;1;0;1;0;0;1;0
??????? ?????????? ?????? ????? ????????? ?????? 1950 ???? ????? ?????. ?? ????? ???? ?? ? ????? ?????. ????? ?????, ??? ??????, ?????? ????? ??? ???? ????????? ??? ?????????;LS 2014 no.6:6;86;Merov, Nikolay;pub;van;van;loc;s;falu;?????;élettelen;np;np;?????;;pst;a;a;3;sg;;0;0;0;0;0;0;0
???????, ???????, ???? ?????? ?? ????. ????? ??? ?? ?? ?????, ????? ???? ?????. ??????? ? ???? ????? ?????, ??? ?? ??? ??? ??? ????, ??? ??? ???????? ??????. ;LS 2014 no.7:11;107;Rombandejeva, Svetlana;pub;van;van;loc;s;ház;???;élettelen;np;np;?????;;pst;a;a;3;sg;;2;1;1;1;0;1;0
?????????? ????? ????? ????? ?????? 270 ?????? ??????, ??? ???????? 95 ??????-?????? ???????? ????? ??????? ??????. ????? ????? ?? ???????????? ????? ???? ????. ;LS 2014 no.8:14;126;Tjetkina, Ljudmilla;pub;van;van;loc;s;iskola;?????;élettelen;np;np;????;;prs;a;a;3;sg;;2;1;1;1;0;0;1
??????????? ????? ??? ????? ??? ????? ???: ??? ????????? ?? ??? ?????????. ??? ????????? ????? ????? ????. ;LS 2014 no.9:13;141;nan;pub;van;van;loc;s;falu;?????;élettelen;np;np;????;;prs;a;a;3;sg;;1;1;0;1;0;0;0
??? ?????? ?????? ????? ??????? ?????? ???????? ?????.  ??? ??? ???? ????? ????? ????? ?????? ???????;LS 2014 no.9:2;130;Merov, Nikolay;pub;van;van;loc;s;falu;?????;élettelen;np;np;?????;;pst;a;a;3;sg;;0;0;0;0;0;0;0
?????? ?????, ??? ????? ????????, ???? ? ????? ?????, ?????? ??? ????. ??????? ?? ???? ??????. ?? ??????? ???????? ? ????? ?????? 90 ??????? ???????? ???.;LS 2015 no.14:12;604;"Pafljonova, Svetlana; Merova, Tamara";pub;van;van;loc;s;falu;?????;élettelen;np;np;????;;prs;a;a;3;sg;;1;1;0;1;0;0;0
?? ???-???? ????? ??????, ????? ????????? ????? ?? ???????????? ????? ??????? ?????-????????, ?? ??? ????? ?????????? ??????????. ???????????? ??? ?????? ????? ????, ????? ????? ??????? ??????? ??????? ???. ??? ?? ????? ?????? ?????? ?????? 22 ????????? ??????.;LS 2015 no.16:12;636;Tasmanova, Ljudmilla;pub;van;van;loc;s;falu;?????;élettelen;np;np;????;;prs;a;a;3;sg;;1;0;1;0;0;1;0
???????? ?????????? ????? ?????? ?????? ???. ??????? ???? ?????, ??????? ??? ???????. ??????? ????? ???? ??? ????? ????, ????? ????? 14 ??????? ??????? ???. ????? ????? ?? ?????? ????????? ?? ???. ;LS 2015 no.16:9;633;Tjetkina, Ljudmilla;pub;van;van;loc;s;falu;?????;élettelen;np;np;????;;prs;a;a;3;sg;;2;1;1;1;0;1;1
??? ??? ?????? ??? ??????, ??? ?????? ???? ????, ????? ???????. ?? ?????? ???????? ???? ? ????? ????. ??? ??????? ??????, ?????? ????? ????????, ?????????? ?? ??? ???????, ????? ??????, ??? ?????????. ;LS 2015 no.22:16;736;Merova, Tamara;pub;van;van;loc;s;falu;?????;élettelen;np;np;????;;prs;a;a;3;sg;;1;1;0;1;1;0;0
"???????? ??? ???? ??????
??? ???? ???? ?????.";LS 2015 no.3:12;428;Vasiljeva, Valentina;pub;van;van;loc;s;szentély;??????;élettelen;np;np;?????;;pst;a;a;3;sg;;2;1;1;1;0;1;0
??? ??? ???? ?????? ??????, ??? ??????? ?? ????? ?????? ??????. ????????? ??? ????? ????. ??????? ????? ??????? ????????.;LS 2015 no.7:16;496;Tjetkina, Ljudmilla;pub;van;van;loc;s;falu;tulajdonnév;élettelen;np;np;????;;prs;a;a;3;sg;;1;1;0;1;1;0;0
?? ???? ????? ??? ????????. ??????????? ???????? ?? ? ????, ??????????? ?? ?? ? ????. ?? ??????? ?? ?????? ?? ?????? ????. ??? ???? ????? ??-?????? ???-?????? ????????. ????? ??? ??? ????????? ?? ???????. ;LS 2015 no.8:4;500;Merov, Nikolay;pub;van;van;loc;s;város;??;élettelen;np;np;????;;prs;a;a;3;sg;;1;0;1;0;0;0;1
"??? ?? ??? ????????? ?? ???. ?????? ????? ????? ???????? ? ????? ??? ??????? ????????? ?????. ??? ????????? ??????-
????? ?? ??? ????, ??? ???????.";LS 2015 no.8:9;505;Tasmanova, Ljudmilla;pub;van;van;loc;s;falu;?????;élettelen;np;np;?????;;pst;a;a;3;sg;;2;1;1;1;0;1;1
???????????? ???????? ???????? ?????? ??????, ?? ????? ???????? ????? ?????. ?? ?????? ?? ????? ????? ????.;LS 2016 no.13:15;975;Vasiljeva, Valentina;pub;van;van;loc;s;falu;?????;élettelen;np;np;?????;;pst;a;a;3;sg;;1;0;1;0;0;1;0
"?????? ????? ??? ????? ????
????, ????? ??? ????. ?????
????? ????? ?????. ??? ???
????? ????. ";LS 2016 no.13:16;976;Merov, Nikolay;pub;van;van;loc;s;falu;?????;élettelen;np;np;?????;;pst;a;a;3;sg;;2;1;1;1;1;1;0
????? ????? ??? ?????????, ?????? ????? ?? ??????????. ?? ????? ????? ? ????? ????. ??????? ????????? ?????? ??? ????????. ??? ????? ??? ?? ??????.;LS 2016 no.13:7;967;Merov, Nikolay;pub;van;van;loc;s;falu;?????;élettelen;np;np;????;;prs;a;a;3;sg;;1;0;1;0;0;1;0
"??? ??? ???????? ?????? ?????? ?? ??????. ???? ??? ????? ????.
??? ?????, ???? ??????????? ??? ??????? ??????? ??????.";LS 2016 no.13:7;967;Merov, Nikolay;pub;van;van;loc;s;ház;???;élettelen;np;np;????;;prs;a;a;3;sg;;1;1;0;1;1;0;0
????????? ?????????? ?????? ??????? ????? ????? ??? ??????. ?????? ???????? ??? ??????? ????? ????? ?????, ??? ??? ????? ????? ????? ??????????. ????? ????? ?????? ????????, ??? ????? ???? ?????.;LS 2016 no.15:16;1008;Rombandejeva, Svetlana;pub;van;van;loc;s;ház;???;élettelen;np;np;?????;;pst;a;a;3;sg;;1;1;0;1;0;0;0
???? ??????? ??? ????? ??? ????. ??? ???????? ???? ?????, ???? ??? ????. ????? ??? ?????, ?????? ?????, ????? ?? ???? ????.;LS 2016 no.18:13;1053;Rombandejeva, Svetlana;pub;van;van;loc;s;falu;?????;élettelen;zero;zero;????;;prs;a;a;3;sg;;2;1;1;1;0;1;0
??? ???? ?????? ???????. ?? ????? ????? ????? ???????? ????. ????? ????????? ??????? ?????? ???? ??? ????????:;LS 2016 no.19:11;1067;Rombandejeva, Svetlana;pub;van;van;loc;s;falu;?????;élettelen;np;np;????;;prs;a;a;3;sg;;2;1;1;1;0;1;0
"?? ????? ????? ????? ??? ???? ???? ??????, ?????
????? ????????, ?? ?????? ??????????. ??? ?????? ????? ??? ??? ??? ??????? ????. ?? ??? ??? ??? ??? ??? ?????????. ?????? ??? ??????, ??? ?????? ??? ???? ????? ?????????, ??? ????????????».";LS 2016 no.19:12;1068;Tjetkina, Ljudmilla;pub;van;van;loc;s;ház;???;élettelen;np;np;????;;prs;a;a;3;sg;;2;1;1;1;1;1;0
??? ?? ???? ????????, ??? ?? ????? 7 ????????? ?????? ???? ??????? ????? ?????? ?????? ?? ????????. ?? ??????? ??? ??? ???? ????-?? ??? ????, ??? ????? ?????? – ???????? ??????? ?????. ;LS 2016 no.22:3;1107;Rombandejeva, Svetlana;pub;van;van;loc;s;ház;???;élettelen;np;np;????;;prs;a;a;3;sg;;2;1;1;1;0;1;0
??? ????????, ?????-???????? ????? ??????? ??????? ??????? ???? ???????? ??-??????? ??? ?????? ???? ???? ??-??????, ?? ????? ???? ?????????? ???????? ???? ????, ??? ???? ???? ??? ?? ????. ???????? ????????????? ????? ????? ??????????, ????? ???????? ??? ??????, ?? ???? ????? ?????? ??????????, ?????? ???????????????, ????????????????? ?????? ??? ??????????.;LS 2016 no.23:7;1127;Kondina, Galina;pub;van;van;loc;s;ház;???;élettelen;np;np;????;;prs;a;a;3;sg;;0;0;0;0;0;0;0
?? ???? ????? ????? 28 ??????? 1961 ???? ?????????? ????? ???????? ?????? ????? ??????. ?? ???? ???? ?????? ????????, ???? ???, ?????? ??? ????. ?????????? ??? ?????? ????? ????? – ???? ???, ??? ???. ??? ?????? ????????? ?????????, ??????? ?????? ??????? ????? ????????, ??? ?????????.;LS 2016 no.23:9;1129;Rombandejeva, Svetlana;pub;van;van;loc;s;falu;(?????);élettelen;zero;zero;????;;prs;a;a;3;sg;;0;0;0;0;0;0;0
"??????? ???????? ????????
??????????? ????? ????? ??? ????? ?????, ???????. ?? ????? ?????? ????? ????, ????? ??? ????? ????? ?????. ??? ??? ?????????? ??? ???.";LS 2016 no.24:15;1151;Rombandejeva, Svetlana;pub;van;van;loc;s;falu;?????;élettelen;np;np;????;;prs;a;a;3;sg;;2;1;1;1;0;1;0
??? ??? ?????????? ?? ???????, ?????? ????? ???? ??????? ?????. ???? ??? ????? ??????? ????? ??????????, ?? ????? ??? ????????? ?? ?????? ????? ???? ?????. ?? ?????? ?? ????? ??????. ????? ????????? ?????? ?????? ??????. ;LS 2016 no.3:10;810;Tjetkina, Ljudmilla;pub;van;van;loc;s;falu;?????;élettelen;np;np;?????;;pst;a;a;3;sg;;1;1;0;0;1;0;0
??? ????????? ??? ?????????. ???? ????? ??? ?? ??? ?????????? ????. ????? ????? ??? ????? ??????.;LS 2016 no.3:10;810;Tjetkina, Ljudmilla;pub;van;van;loc;s;ház;???;élettelen;np;np;????;;prs;a;a;3;sg;;1;1;0;0;1;0;0
??????????? ?????? ????? ????????. ?????? ?????? ???? ? ????? ?????????? ????? ????. ??? ?? ????? ????????? ?????? ????? ?????? ???.;LS 2016 no.4:4;820;Tasmanova, Ljudmilla;pub;van;van;loc;s;falu;?????;élettelen;np;np;????;;prs;a;a;3;sg;;1;0;1;0;0;1;0
?????? ????? ?????? ??? ???? ?????. ?????? ?????? ????? ????? ?????? ????? ????. ??? ????????????? ??????.;LS 2016 no.5:7;839;Merov, Nikolay;pub;van;van;loc;s;falu;?????;élettelen;np;np;????;;prs;a;a;3;sg;;1;0;1;0;0;1;0
????? ????????? ????? ??? ????? ??????? ???????? ????? ???????. ????? ???? ?????? ????? ??????? ???????? ????. ????? ??? ?? ??? ??? ?????? ?????? ?? ???????.;LS 2016 no.8:9;889;Merov, Nikolay;pub;van;van;loc;s;falu;?????;élettelen;np;np;????;;prs;a;a;3;sg;;2;1;1;1;0;1;0
??? ???? ????? ??? ??? ????, ??? ?? ?????.;Popova (2001:78);38;Hatanjev, Pjotr;mese;van;van;loc;s;csésze;???;élettelen;np;np;????;;prs;a;a;3;sg;;1;1;0;1;0;0;0
"??? ?? ????. ??? ????, ?????. ? ?, ??? ??? ??? ????? ?????, ?? ?????? ??? ?????. ????? ??
??????????, ??? ????? ???????????. ????? ?? ?????, ?????? ???????? ???????, ?-?, ??????, ????? ??? ???? ???????? ??????????, ????. ?????? ??? ???? ??????????. ???????, ??????? ?? ?? ????, ??????. ?????? ???? ?????. ";LS 2014 no.21:15;335;Algadjeva, Anna;mese;van;van;loc;s;testrész (fej);???? ??????;élettelen;np;np;????;;prs;a;a;3;sg;non;0;0;0;0;0;0;0
???? ???????? ????????? ?? ?? ?????????????. ????? ??? ??? ?? ?????? ???? ?????????. ???? ?? ???? ?????? ???? ?? ???. ;LS 2015 no.22:15;735;"Vingiljeva, Marija; Merov, Nikolay";pub;van/ül;van;loc/sim;k;személy;du3;ember;pro;pro (szem);?????????;xol;prs;a;a;3;du;;1;0;1;0;0;1;0
??? ??? ?????? ????. ?????? ????? ????, ?????? ??-???? ???. ? ???? ??? ?????? ??? ???, ???? ??? ??? ????-?????;Gerasimvova-Dinislamova (2015:14);14;Algadjeva, Varvara;mese;van/ül;van;loc/sim;n;holló;?????;állat;np;np;????;;prs;a;a;3;sg;;0;0;0;0;0;0;0
?????? ?????? ????, ?????? ????? ????;Gerasimvova-Dinislamova (2015:14);14;Algadjeva, Varvara;mese;van/ül;van;loc/sim;n;holló;?????;állat;np;np;????;;prs;a;a;3;sg;;0;0;0;0;0;0;0
??? ?? ???. ???? ???-???, ?????????. ???? ????? ??? ??????? ??????. ????????? ???????, ????? ????, ?????? ????? ?? ???? ????????. ;LS 2014 no.21:15;335;Algadjeva, Anna;mese;van/ül;van;loc/sim;k;lány;???;ember;np;np;????;;prs;a;a;3;sg;;1;1;0;1;0;0;0
"????? ???????????? ??? ?? ???? – ????? ?????? ?????? ??????.
?????? ??? ??? ????, ??? ???? ?? ?????. ?? ?????? ??????? ?? ???.";LS 2015 no.24:16;768;Rombandejeva, Jevdokija;vers;van/ül;van;loc/sim;k;személy;sg3;ember;pro (határozatlan);pro (határozatlan);????;;prs;a;a;3;sg;;0;0;0;0;0;0;0
?? ??????? ?????????? ?????? ????? ????? ????????? ???????? ????????? ??????. ??? ????? ?????????? ???????? ????, ????? ????? ??? ?????. ??? ?? ?????? ????? ?????:;LS 2016 no.2:6;790;Rombandejeva, Svetlana;pub;van/ül;van;loc/sim;n;ember;???;ember;np;np;????;;prs;a;a;3;sg;;0;0;0;0;0;0;0
??????, ?????? ???? ????? ????? ?????? ??? ???? ??? ?? ??? ????. (folyt: ???? ????????? ?? ????????);Popova (2001:28);13;Hatanjev, Pjotr;mese;van/ül;van;loc/sim;t;apa;???;ember;np;np;????;;prs;a;a;3;sg;;0;0;0;0;0;0;0
??? ????? ???????????? ????? ??????? ?? ?????????, ????????? ??????????. ?? ???? ?????? ?? ?????.;LS 2015 no.21:8;711;Vasiljeva, Valentina;pub;mod;mod;pár;k;nép;(?????);ember;zero;zero;??????????;nt;pst;a;a;3;pl;non;0;0;0;0;0;0;0
??? ?????? ???????? ???? ??????? ??????, ????? ?????????? ?????????? ?? ?? ????????. ??????? ??????? ???? ?????????????, ????? ?????? ?? ??????????. ??? ???? ???? ???????? ?????, ??? ??? ???? ????? ????. ;LS 2016 no.21:11;1099;Merova, Tamara;pub;mod;mod;pár;n;személy;(pl3);ember;zero;zero;??????????;nt;prs;a;a;3;pl;ta;1;0;1;0;0;1;1
??? ?????? ???????? ??????? ???? ???????, ??? ????? ?????????????, ????? ?????? ??????????? ????????. ????? ?????, ??????? ?????? ?? ??????????. ??????? ???????????? ??????? ????? ??? ?? ??????. ;LS 2016 no.5:11;843;Hozumova, Valentina;pub;mod;mod;pár;n;személy;(pl3);ember;zero;zero;??????????;nt;prs;a;a;3;pl;ta;1;0;1;0;0;0;1
????????? ?????? ??????, ??? ??????????? ?????? ???? ?? ???????. ?? ????? ???????, ?????? ?????????. ?????? ????, ?????? ?????? ????? ??????. ;LS 2015 no.10:10;544;Hozumova, Valentina;pub;mod;mod;pár;k;személy;sg3;ember;pro;pro (szem);???????;nt;prs;a;a;3;sg;ta;0;0;0;0;0;0;0
?? ????? 9 ?????? ?? ?????? ???? ?????? ????? ????? ??????? ??????. ?? ????? ?????? ?????? ????? ?????? ?????? ????? ?? «????? ?????» ?? «????? ???????» ??????? ????? ???? ??????????????, ??? ???? ??????????, ??????????.;LS 2016 no.16:4;1012;Rombandejeva, Svetlana;pub;mod;mod;pár;n;személy;(pl3);ember;zero;zero;??????????;xol;pst;a;a;3;pl;non;2;1;1;0;1;1;0
????? ??? ????? ????? ?????. ???? ?????? ??? ??? ???????? ??????????, ???????? ?????? ????????. ??????? ?????-?????? ????? ????? ??????, ?? ????????? ????? ????? ????? ???????, ??-?????? ?????? ?????? ????????;LS 2016 no.20:10;1082;Vasiljeva, Valentina;pub;mod;mod;pár;n;személy;pl3;ember;pro;pro (szem);??????????;xol;pst;a;a;3;pl;non;1;1;0;1;0;0;0
??? ?????? ????? ??? ????? ????? ??? ?????? ???? ???. ???? ?? ????? ???????? ?????????? ?? ??? ??? ??????? ???????? ???????. ??? ????? ??????? ??? ?????? ??? ?????? ?? ????? ???????? ???????????? ??????????. ;LS 2015 no.23:5;741;Vjutkin, Aleksandr;pub;mod;mod;pár;n;személy;tulajdonnév;ember;np;np;???????;;pst;a;a;3;du;non;0;0;0;0;0;0;0
"– ???, ??? ??? ?? ??????? ??, ??? ?????? ??????, ???
??? ?? ?? ???????.
??????? ?? ?? ??????, ??????? ?? ????. ?, ??? ???? ???.
12. ????????? (????? ???????):";Gerasimvova-Dinislamova (2015:42);42;Sambindalova, Darja;mese;mod;mod;pár;n;nõvér;?????;ember;np;np;????;;prs;a;a;3;sg;ta;1;0;1;0;0;1;0
"??????????? ??? ?? ????! ???? ??????? ????? ????. ??????????? ??
?????! ";Ivanova (2004:11);6;Kugin, Pjotr;mese;mod;mod;pár;n;személy;(sg3);ember;zero;zero;????;;prs;a;a;3;sg;non;0;0;0;0;0;0;0
????? ????? ??? ????? ??? ???? ???????. ????? ??? ????? ???????. ??????? ??? ????? ????, ???????. ?????, ???, ??????? ????. ?????, ??? ????? ???????. ???? ??? ???? ????? ???????. ?-?, ????????, ????? ????. ;LS 2014 no.23:15;367;Algadjeva, Anna;mese;mod;mod;pár;n;nagyanya;???;ember;np;np;????;;prs;a;a;3;sg;non;0;0;0;0;0;0;0
"?? ???????? ?? ??? ??????????.
??????? ??? ?????
??? ??????? ?????.";Gyinyiszlamova (2008: 28);;Dinislamova, Svetlana ;vers;él;él;sim;s;fiú;???;ember;np;np;?????;;prs;a;a;3;du;;0;0;0;0;0;0;0
"?? – ?????? ???? ?????????,
??? ????? ????? ?????????,
??????? ??? ?????.";Gyinyiszlamova (2008: 30);;Dinislamova, Svetlana ;vers;él;él;sim;s;fiú;???;ember;np;np;?????;;prs;a;a;3;du;;0;0;non;0;0;2;2
"– ??? ?? ?????? ?? ??????, ?????? ?????. ??? ???????
???, ??? ??? ??????? ???? ???. ???? ??? ???????? ??? ???? ???????. ?????, ?????? ???????? ????? ??????.";Gerasimvova-Dinislamova (2015:70);70;Sambindalova, Darja;mese;él;él;sim;s;csuka;????;állat;np;np;???????;;prs;a;a;3;pl;;0;0;0;0;0;0;0
?????? ????????? 1952 ???? ????? ?????. ??? ??????? ??? ???? ???? ??? ?? ??????????, ???? ?????? ?????? ?????? ???????. ????? ???? ????? ?????, ?????????? ??? ??????? ??? ???????. ??? ????? ??????? ?? ????? ????. ;LS 2014 no.11:13;173;Merov, Nikolay;pub;él;él;sim;s;személy;pl3;ember;pro;pro (szem);???????;;pst;a;a;3;pl;;1;0;1;0;0;1;0
?? ??? ???????????, ??? ????? ?? ??? ??-???? ???? ??? ???? ????. ???? ??? ????????? ?????? ????????? ????. ??? ????? ???????, ???? ???? ??? ???? ????. ;LS 2015 no.12:7;567;Nikitin, Nikolay;pub;él;él;sim;s;személy;(pl3);ember;zero;zero;???????;;pst;a;a;3;pl;;2;1;1;1;0;1;0
??? ????? ??????? ?????? ?????? ????????? ?? ?????????, ????? ?????? ?????? ???-????????, ?????? ???? ?? ???????.;LS 2015 no.2:6;406;Tjetkina, Ljudmilla;pub;él;él;sim;k;személy;(pl1);ember;zero;zero;???????;;pst;a;a;1;pl;;1;0;1;0;0;1;0
??????? ???????. ??? ???? ???? ?????????? ?????, ?????? ??? ???????? ???????. ??????? ???????? ??????? ????? ???????.;LS 2016 no.15:7;998;"Rombandejeva, Jevdokija; Merov, Nikolay";pub;él;él;sim;k;személy;(pl3);ember;zero;zero;???????;;pst;a;a;3;pl;;1;1;0;1;0;0;0
?? ??????????. ??? ?? ?????????? ??????? ?????? ?? ????.;Ivanova (2004:29);15;Kugin, Pjotr;mese;él;él;sim;s;személy;sg3;ember;pro;pro (szem);????;;prs;a;a;3;sg;;0;0;non;0;0;2;2
?? ????? ???? ????????? ??? ??? ?????? ???, ??? ?????-???????? ?????? ?????.;LS 2015 no.3:5;420;Vasiljeva, Valentina;pub;él;él;sim;s;személy;sg3;ember;pro;pro (szem);?????;;pst;a;a;3;sg;;1;1;0;1;1;0;0
?????????? ???? ?????? ??????? ??? ????????? ????? ????? ?????? ?????? ??? ????. ??? ??? ??? ??????? ??? ?????. ??? ??? ??????? ????? ???????? ?????????? ?????????? ??? ??? ??? ???????, ?????? ????? ?? ?????;LS 2016 no.19:10;1066;Merova, Tamara;pub;él;él;sim;s;személy;pl3;ember;pro;pro (szem);?????;;pst;a;a;3;sg;;2;1;1;1;0;1;0
??? ???? ??? ???? ????? ???? ??? ???? ?? ?????????, ???????? ????? ?? ??????????, ?????? ??????? ???? ????? ???????.;LS 2014 no.24:10;378;Rombandejeva, Svetlana;pub;inaktív;inaktív;sim;s;gyerekjáték;??????;élettelen;np;np;??????????;nt;prs;a;a;3;pl;;1;1;0;1;1;0;0
«????? ? ????. ?? ????? ?????? ????? ??? ??? ?? ?? ???????????. ??? ????????». ?? ?? ???????, ??? ??? ????? ????????, ???? ????? ??????? ??? ?? ????.;Ivanova (2004:14);8;Kugin, Pjotr;mese;inaktív;inaktív;sim;s;zsír;(???);élettelen;zero;zero;????????;xol;prs;a;a;3;sg;;1;1;0;1;0;0;0
"??? ??? ????? ??????, ??? ?????? ????? ???????, ??? ????? ????? – ?????????? ??????. ????????? ?????? ??? ??? ?? ??? ???????.
?????? ?? ????? ?????? ???? ??? ?? ????????.";LS 2015 no.18:2;658;Hozumova, Valentina;pub;inaktív;inaktív;sim;s;személy;pl3;ember;pro;pro (szem);???????;;prs;a;a;3;pl;;0;0;0;0;0;0;0
????? ??? ?????? ?????????? ???? ?? ?????? ???. ??? ??? ?????-?????? ??? ??? ????????, ????? ?????? ????? ?????? ???????, ?????? ?????? ????? ???????? ??????. ??? ????? ?? ??????? ????????? ?????? ????? ????? ??????? ???????? ????? ??? ???????? ???? ???????.;LS 2016 no.15:9;1001;Rombandejeva, Svetlana;pub;inaktív;inaktív;sim;s;személy;(pl3);ember;zero;zero;???????;;prs;a;a;3;pl;;1;1;0;1;0;0;0
????? ??? ?????, ??? ??????? ???????? ????? ?? ???????????, ????????? ?? ?? ????????. ??? ??? ??????? ?? ???-???? ????? ????? ???????, ????????? ?? ?????????????. ?? ?????, ?? ???????? «????? ??????? ???????;LS 2016 no.3:4;804;Hozumova, Valentina;pub;inaktív;inaktív;sim;k;személy;pl3;ember;pro (szem);pro (szem);???????;;prs;a;a;3;pl;;0;0;0;0;0;0;0
"3. ?????? ?????? ????? ????:
– ??? ??????? ????. ????? ????? ?? ???????
– ?, ????? ?? ???????? ?????????";Gerasimvova-Dinislamova (2015:120);120;Anjamova, Aleksandra;mese;inaktív;inaktív;sim;s;személy;(sg2);ember;zero;zero;??????;;prs;a;a;2;sg;;0;0;0;0;0;0;0
???? ?? ????? ???? ????? ?????, ???? ??? ???? ?? ?????. ??? ?? ????? ??????? ?? ????? ??? ??? ?? ??????? ?????, ?????? ???????-????? ???????, ??????? ???????. ;LS 2014 no.14:12;220;Tjetkina, Ljudmilla;pub;inaktív;inaktív;sim;s;anya;???;ember;np;np;?????;;pst;a;a;3;sg;;2;1;1;1;1;0;1
"??? ??????? ??????? ?? ???
????, ??? ????? ????? ?????? ??? ?????. ?????? ?????, ????
????? ???, ????? ?????- ??? ?????? ????. ";LS 2014 no.22:11;347;Merov, Nikolay;pub;inaktív;inaktív;sim;s;ember;???;ember;pro (határozatlan);pro (határozatlan);?????;;pst;a;a;3;sg;;2;1;1;1;0;1;0
"??? ???? ????? ?????!
???? ?? ????, ????? ????,
??? ??? ??? ??? ?????,
????????? ?????,
?????? ????????,
????? ??? ??????…";LS 2014 no.5:6;70;Bahtjarova, Tatjana;vers;inaktív;inaktív;sim;k;anya;????;ember;np;np;????;;prs;a;a;3;sg;;0;0;0;0;0;0;0
?????? ?????? ??? ????, ??? ???????????. ????? ?? ???? ???????. ??? ??????????, ????? ???? ???? ????.;LS 2015 no.23:7;743;Algadjeva, Ljudmila;pub;inaktív;inaktív;sim;s;személy;(sg1);ember;zero;zero;???????;;prs;a;a;1;sg;;2;1;1;1;0;1;0
"?? ????? ?? ????? ???? ?? ????? ?????? ?????????????, ???? ?????????, ????? ??????. ??? ??????, ?????????? ?? ?? ???????. ???? ?????????? ??????- ????????. ???? ?????
?????????? ?? ????????? ???? ??????. ";LS 2015 no.7:14;494;Hatanjeva, Tamara;pub;inaktív;inaktív;sim;s;személy;(sg1);ember;zero;zero;???????;;pst;a;a;1;sg;;0;0;0;0;0;0;0
????? ?? ??-???? ????????? ?????: «??? ????? ?????-????????? ?????? ?? ?????? ??? ??? ???????????. ??? ?????, ??????, ??? ???????». ??? ??? ??????? ????????, ?????? ??? ?? ????????, ?? ????????, ??????????». ;LS 2016 no.14:7;983;Tjetkina, Ljudmilla;pub;inaktív/ül;inaktív;sim;s;személy;(sg2);ember;zero;zero;???????????;xol;prs;a;a;2;sg;;0;0;0;0;0;0;0
"– … ??? ??????????????, ?? ???????? ???-????? ???????? ?? ???? ???? ????.
??? ??? ?? ???? (???? ???????), ??? ??? ????? ?????, ?????? ??? ?? ????????, ????: ";Gerasimvova-Dinislamova (2015:8);8;Algadjeva, Varvara;mese;inaktív/ül;inaktív;sim;n;személy;sg3;ember;pro;pro (szem);????;;prs;a;a;3;sg;;0;0;0;0;0;0;0
??? ????? ????? ??? ?????, ??? ???????? ?? ?????? ????? ??????, ????? ????? ??????. ;LS 2015 no.1:15;399;Merova, Tamara;pub;inaktív/ül;inaktív;sim;k;személy;sg3;ember;pro;pro (szem);?????;;pst;a;a;3;sg;;0;0;0;0;0;0;0
"????? ????? ???????, ?-??, ????
???? ????????? ???????? ????. «?, ????????, ??? ??? ?? ????????, ??????????? ?????». ??? ??????? ?? ????. ???? ???? ?????, ??? ???? ????? ?? ???????. ";Popova (2001:58);28;Hatanjev, Pjotr;mese;inaktív/ül;inaktív;sim;s;fiú;(????);ember;zero;zero;????;;prs;a;a;3;sg;;0;0;0;0;0;0;0
"??? ??? ????? ??????? ????????, ?????: «??? ??????
????? ??????, ??? ??????, ????";Popova (2001:45);22;Hatanjev, Pjotr;mese;ül;ül;sim;t;személy;du3;ember;pro;pro (szem);????????;nt;prs;a;a;3;du;;0;0;0;0;0;0;0
"????????? ???????, ?? ????? ?????? ?? ????? ??? ?????? ????????? ????? ??????, ????? ????? ??? ????? ???. ?? ????? ?????? ?? ??????????, ??????? ?????? ?? ???????.
?? ??? ????? ????? ?? ??????????, ??? ??? ????????? ????? ???????. ";LS 2016 no.19:8;1064;Hozumova, Valentina;pub;ül;ül;sim;t;nép;(?????);ember;zero;zero;??????????;nt;prs;a;a;3;pl;;1;1;0;1;0;0;0
???? ????????? «????? ???» ?????? ?? ?????? ????? ??????? ????? ????? ?????? ????? ???? ???????? ??? ????? ??????? ?? ???? ??? ?? ????????. ?????? ?? ??? ?????????? ?????????, ????? ????? ?????? ??????? ?? ????? ???? ???? ???????? ????. ??? ?????? ????? ??? ??? ????. ;LS 2014 no.17:7;263;Merova, Tamara;pub;ül;ül;sim;t;állat;(??);állat;zero;zero;????????;nt;pst;a;a;3;sg;;0;0;0;0;0;0;0
???????? ???? ???????? ?????? ?????????.;LS 2016 no.23:8;1128;Kondina, Galina;pub;ül;ül;sim;t;gyerek;??????;ember;np;np;?????????;xol;prs;a;a;3;du;;non;non;non;2;2;2;2
?? ???-???? ????? ??? ??? ????? ??? ???????? ????? ????? ??? ?????? ?????????, ???? ????? ?????????? ?? ????? ???????. ;LS 2014 no.1:11;11;Tjetkina, Ljudmilla;pub;ül;ül;sim;t;személy;(pl3);ember;zero;zero;??????????;xol;pst;a;a;3;pl;;0;0;0;0;0;0;0
?? ?????? ???????????;LS 2016 no.13:8;968;Tjetkina, Ljudmilla;pub;ül;ül;sim;t;nõ;??;ember;np;np;???????????;xol;prs;a;a;3;pl;;non;non;non;2;2;2;2
"????? ????????? ???????, ????????? ??????? ?? ????????, ?? ????????, ??? ?????? ???? ????? ?? ?????????, ??? ?? ????????? ??????????, ??????????? ????? ?? ??????. 
???????? ????? ????? ???? ???????????, ???????? ?????? ????? ???? 5 ??????? ????? ???? ?? ???? ????? ?????? – 20 ???????. ";LS 2016 no.23:12;1132;Kondina, Galina;pub;ül;ül;sim;t;személy;pl3;ember;pro;pro (szem);??????????;xol;pst;a;a;3;pl;;1;0;1;0;0;1;0
?. ?. ????????? ??????? ????? ????????;LS 2014 no.11:13;173;Merov, Nikolay;pub;ül;ül;sim;t;személy;tulajdonnév;ember;np;np;????????;xol;prs;a;a;3;sg;;non;non;non;2;2;2;2
???? ????? ??????? ?.?. ???????? ????????, ??? ????????? ????????? ???? ?.?. ?????? ?? ?????????? ????? ?????? ???? ?.?. ???????? ?????.;LS 2014 no.2:10;26;Rombandejeva, Svetlana;pub;ül;ül;sim;t;személy;tulajdonnév;ember;np;np;????????;xol;prs;a;a;3;sg;;1;non;1;2;2;1;0
?.?. ?????????? ?????? ?????? ?????, ??? ???????? ???? ?? ????????;LS 2016 no.7:10;874;Merov, Nikolay;pub;ül;ül;sim;t;személy;sg3;ember;pro;pro (szem);????????;xol;prs;a;a;3;sg;;non;non;non;2;2;2;2
"???? ???? ??? ??? ????????
????????, ???-??????, ????????? ????, ?????. ";Popova (2001:30);14;Hatanjev, Pjotr;mese;ül;ül;sim;t;fejedelem;????;ember;np;np;????????;xol;prs;a;a;3;sg;;0;0;0;0;0;0;0
???? ????? ??????? ?.?. ???????? ????????, ??? ????????? ????????? ???? ?.?. ?????? ?? ?????????? ????? ?????? ???? ?.?. ???????? ?????.;LS 2014 no.2:10;26;Rombandejeva, Svetlana;pub;ül;ül;sim;t;asszony;????;ember;np;np;?????;;prs;a;a;3;du;;1;0;1;0;0;1;0
?? ????? ?????-???????? ??? ???? ?????????-?????????????? ????????? ??????????? ??????? ????? ?????? ???? - ???????? ????? ????? ????????? ???????? ?? ??????? ????? ????? ???????? ????????? ?????. ????????? ??? ?????? ????? ????????.;LS 2014 no.23:11;363;Rombandejeva, Svetlana;pub;ül;ül;sim;t;személy;tulajdonnév;ember;np;np;?????;;prs;a;a;3;du;;1;1;0;1;1;0;0
????? ??????? ???????? ???????? ?????? ???. ??? ?? ???? ?????? ??????-?????? ?????????? ?????, ??? ??-???????? ??? ??????? ????.;LS 2015 no.7:11;491;Rombandejeva, Svetlana;pub;ül;ül;sim;t;szülõ;????-????;ember;np;np;?????;;prs;a;a;3;du;;1;1;non;1;0;2;2
??? ??? ?? ????????. ?????????, ????? ????, ?????, ??? ??????? ???????, ??? ????????.;Ivanova (2004:13);7;Kugin, Pjotr;mese;ül;ül;sim;t;menkw;?????;állat;np;np;???????;;prs;a;a;3;pl;;0;0;0;0;0;0;0
"«????-????-????! ?-????! ?? ??????????!». ??? ???????? ????? ???????, ?????
??? ????????... ?????? ??????? ?? ??????, ";Ivanova (2004:15);8;Kugin, Pjotr;mese;ül;ül;sim;t;menkw;?????;állat;np;np;???????;;pst;a;a;3;pl;;0;0;0;0;0;0;0
??? ??????????? ???????: ???????? ???????? ?????????? (???????? ?????), ?????? ??????? ?????????? (??????? ?????)…;LS 2014 no.17:12;268;nan;pub;ül;ül;sim;t;személy;pl3;ember;pro;pro (szem);???????;;prs;a;a;3;pl;;non;non;non;2;2;2;2
??? ?????? ???? ?????, ????? ??????? ?? ?????????????, ????? ?????. ?????? ?????? ????? ???????. ;LS 2014 no.3:16;57;Vjutkin, Aleksandr;pub;ül;ül;sim;t;nép;?????;ember;pro (határozatlan);pro (határozatlan);???????;;prs;a;a;3;pl;;0;0;0;0;0;0;0
«?????????» ???????? ???????? ??? ???????? ??????? ??????????? ??-????, ????? ???????? ??? ????? ???????.;LS 2014 no.3:16;57;Vjutkin, Aleksandr;pub;ül;ül;sim;t;személy;(pl3);ember;zero;zero;???????;;pst;a;a;3;pl;;0;0;0;0;0;0;0
?? ??? ????? ?????? ?? ??????, ?? ????????? ??? ??????, ????? ??? ???? ?????????, ?????? ??? ????? ????? ??????????. ??? ????? ?????? ???? ??????????, ????? ??? ??? ???????, ???? ????????????????, ????? ?? ??? ? ????????. ;LS 2014 no.5:12;76;Hozumova, Svetlana;pub;ül;ül;sim;t;ember;(???);ember;pro (határozatlan);pro (határozatlan);???????;;pst;a;a;3;pl;;1;0;1;0;0;0;1
??? ??????, ??? ?????? ???????, ??? ??? ??? ??????. ????? ????? ?????, ???? ?????? ????? ????? ???? ?????, ???-??????, ?? ?????. ;LS 2015 no.15:9;617;Merov, Nikolay;pub;ül;ül;sim;t;személy;(pl1);ember;zero;zero;?????;;prs;a;a;2;pl;;0;0;0;0;0;0;0
«????? ?????????????» . ????? ??? ???? ?????? ????? ?????? ?????? ???-???? ???????, ??? ??? ????? ??????? ??????? ?? ???????? ???????????.;LS 2016 no.1:3;771;Vasiljeva, Valentina;pub;ül;ül;sim;t;gazda ;?????;ember;np;np;???????;;pst;a;a;3;pl;;0;0;0;0;0;0;0
???? ????????? ????? ??? ????? ???????, ????? ??? ??? ??????????. ????? ????????? ???????, ????????? ??????? ?? ????????, ?? ????????, ??? ?????? ???? ????? ?? ?????????, ??? ?? ????????? ??????????, ??????????? ????? ?? ??????. ;LS 2016 no.23:12;1132;Kondina, Galina;pub;ül;ül;sim;t;nép;?????;ember;np;np;???????;;pst;a;a;3;pl;;1;1;0;1;0;0;0
??? ???? ????? (??????, ???????, ?????????????), ?????????? ?? ?????? ???????? ????? ???? ????? ????? ???-???? ???????, ?????????? ????? ????? ?????? ?? ?????-????????????. ?? ????? ??? ???????? ??????? ?????????? ????????;LS 2016 no.23:13;1133;Vasiljeva, Valentina;pub;ül;ül;sim;t;nép;?????;ember;np;np;???????;;pst;a;a;3;pl;;1;1;0;1;0;0;0
??????? ???????? ??????????? ????? ?????????? ????? ?????-???????? ??? ???? ????? ????? ??????? ?? ????????? ????? ??????? ??? ?????????, ??? ??? ??? ?????? ???-???? ??? ???????, ?? ?????? ??????, ??????? ??? ???? ?? ???????????.;LS 2016 no.4:2;818;Aksjonova, Valentina;pub;ül;ül;sim;t;személy;pl3;ember;pro;pro (szem);???????;;pst;a;a;3;pl;;1;1;0;0;1;0;0
??? ?? ??????, ?? ?? ??????????????. ????? ??????? ???????? ??????? ????????????, ????? ???? ?????? ???????, ??? ?? ?????? ???????????. ?????? ??? ?? ??????????. ??? ?? ????????? ?? ????????????.;LS 2016 no.8:13;893;Hozumova, Svetlana;pub;ül;ül;sim;t;nép;?????;ember;np;np;???????;;prs;a;a;3;pl;;0;0;0;0;0;0;0
??? ??????? ???, ??????? ??? ????? ?????.;Popova (2001:35);17;Hatanjev, Pjotr;mese;ül;ül;sim;t;személy;pl1;ember;pro;pro (szem);?????;;prs;a;a;4;pl;;0;0;0;0;0;0;0
"?????: ???????
?????? ????? ?? ??????. ?? ??? ?????? ????. ????? ??????? ?????????, ?? ???? ??????? ?? ????????. ";Gerasimvova-Dinislamova (2015:10);10;Algadjeva, Varvara;mese;ül;ül;sim;t;személy;(sg3);ember;zero;zero;????;;prs;a;a;3;sg;;0;0;0;0;0;0;0
?? ?????? ??????????? ?????? ?????. ??? ??? ?????? ????. ?????? ????? ????, ?????? ??-???? ???. ;Gerasimvova-Dinislamova (2015:14);14;Algadjeva, Varvara;mese;ül;ül;sim;t;személy;(sg3);ember;zero;zero;????;;prs;a;a;3;sg;;0;0;0;0;0;0;0
?????????? ??????? ???? ?????. ???, ?????: ?, ????? ????? ????. ?????????? ?????, ????? ?? ?? ???????. ?-??, ?? ?? ????????. ?? ?????????, ?????: ;Gerasimvova-Dinislamova (2015:62);62;Sambindalova, Darja;mese;ül;ül;sim;t;kutya;?????;állat;np;np;????;;prs;a;a;3;sg;;0;0;0;0;0;0;0
"??? ??? ?? ?????????, ???????????? ????? ?? ????????, ???? ?? ?????.
5. ??? ?????? ????, ?? ????? ??????? ?????????, ?????? ???? ??? ????????? ??? ??????? ??????? ?? ????.";Gerasimvova-Dinislamova (2015:8);8;Algadjeva, Varvara;mese;ül;ül;sim;t;személy;(sg3);ember;zero;zero;????;;prs;a;a;3;sg;;0;0;0;0;0;0;0
"...???????: ""??????? ???? ????????, ??? ????? ??? ????. ?????? ??? ?? ??? ?????? ??????.";Hromova (2004:12);12;nan;mese;ül;ül;sim;t;fiú;(???);ember;zero;zero;????;;prs;a;a;3;sg;;0;0;0;0;0;0;0
??? ??? ???????. ????. ????????, ?????? ???????????? ??? ???????? ????????? ??????. ????? ???????????? ??? ?????? ????? ?? ?????,;Ivanova (2004:11);6;Kugin, Pjotr;mese;ül;ül;sim;t;személy;(sg3);ember;zero;zero;????;;prs;a;a;3;sg;;0;0;0;0;0;0;0
????? ????? 1594 ???? ??? ?????? ?? ????? ?? ?????? ?????? ????? ????? ????? ???????????. ??? ???? ?? ???? ?????? ????? ????????, ???? ??????? ????, ????? ?????. ??? ?? ?? ? ????? ?? ?????? ?? ????? ?????? ????? ????? ???????. ??? ????????? ??????? ???? ??????? ????? ?????? ???? ??????? ?????? ????. ;LS 2014 no.13:13;205;Vjutkin, Aleksandr;pub;ül;ül;sim;s;fiú;???;ember;np;np;?????;;pst;a;a;3;sg;;2;1;1;1;0;1;0
??????? ????? 1951 ???, ??????? ????? ????????? ?????? ????.;LS 2014 no.6:6;86;Merov, Nikolay;pub;ül;ül;sim;t;anya;???;ember;np;np;????;;prs;a;a;3;sg;;non;non;non;2;2;2;2
?????? ??? ???? ????? ????? ?????? ?? ????? ????? ??????????, ??? ????? ????? ????? ?????. ??? ??? ?????? ?????. ??? ??????? ?? ????? ????????? ???????? ????.;LS 2015 no.1:16;399;Merova, Tamara;pub;ül;ül;sim;t;fiú;???;ember;np;np;?????;;pst;a;a;3;sg;;2;1;1;1;0;1;0
???? ?? ????? ????? ????, ????? ?????????????. ?????? ??? ?????, ????? ?? ??? ????, ??? ????????? ?????? ?? ?????????????. ;LS 2015 no.19:9;681;Hozumova, Svetlana;pub;ül;ül;sim;t;személy;sg3;ember;pro;pro (von);?????;;pst;a;a;3;sg;;1;1;0;1;0;0;0
?? ????? ?????? ?????? - ?????? ???????????? ???????, ????????? ???????????? ???????, ??????? ?????????? ??????, ?????? ????????? ?????????, ????? ???? ???? - ????? ??????????? ?????????.;LS 2015 no.2:7;409;Bahtjarova, Tatjana;pub;ül;ül;sim;t;személy;tulajdonnév;ember;np;np;????;;prs;a;a;3;sg;;2;1;1;1;0;1;1
?.?. ??????? ??????? ????;LS 2015 no.3:13;429;Merova, Tamara;pub;ül;ül;sim;t;személy;tulajdonnév;ember;np;np;????;;prs;a;a;3;sg;;non;non;non;2;2;2;2
?? ?????, ?????? ?????????? ???????????, ??? ????? ????, ????? ????: «?? ??? ?? ????? ??????? » .;LS 2015 no.4:11;443;Nikitin, Nikolay;pub;ül;ül;sim;t;személy;(sg3);ember;zero;zero;????;;prs;a;a;3;sg;;0;0;0;0;0;0;0
??????? ????? ?.?. ????????? ????;LS 2015 no.4:14;446;Merova, Tamara;pub;ül;ül;sim;t;személy;tulajdonnév;ember;np;np;????;;prs;a;a;3;sg;;non;non;non;2;2;2;2
??????? ????? ???????? ?????? ????.;LS 2016 no.1:7;775;Merov, Nikolay;pub;ül;ül;sim;t;személy;tulajdonnév;ember;np;np;????;;prs;a;a;3;sg;;non;non;non;2;2;2;2
???? ????? ???????????? ????????? , ????? ??? ????? ????. ?????? ????? ????? ????? ?? ????. ????? ????, ???? ??????? ??? ?? ?????, ??? ??????, ?????????????? ??? ????.;LS 2016 no.1:8;776;Algadjeva, Ljudmila;pub;ül;ül;sim;t;személy;tulajdonnév;ember;np;np;????;;prs;a;a;3;sg;;1;1;0;1;0;0;0
?? ????? ???????? ????? ????? ?????????? ????????? ????, ??????? ????? ??????? ???????? ?????????? ?????? ???, ?? ????? ???? 77 ???? ??????.;LS 2016 no.11:15;943;Vasiljeva, Valentina;pub;ül;ül;sim;t;személy;tulajdonnév;ember;np;np;????;;prs;a;a;3;sg;;1;non;1;2;2;1;0
"– ?????, ???????, ?? ????????? ??????, ?? ????? ?? ???? ??????????.
????? ???, ?????????? ??? ???????? ???? ?? ????????????. ????? ??? ????? ?????, ????? ??-?????????? ?? ?????:";LS 2016 no.15:15;1007;Kondina, Galina;mese;ül;ül;sim;t;vidra;??????????;állat;np;np;????;;prs;a;a;3;sg;;0;0;0;0;0;0;0
"???????? ??????????
????";LS 2016 no.9:10;906;Hozumova, Valentina;pub;ül;ül;sim;t;személy;tulajdonnév;ember;np;np;????;;prs;a;a;3;sg;;non;non;non;2;2;2;2
???? ??, ??? ???????? ?? ????, ???? ??».  ?????? ?????-????, ????????, ?? ?? ????. (elötte: ??????, ?????? ???? ????? ????? ?????? ??? ???? ??? ?? ??? ????);Popova (2001:28);13;Hatanjev, Pjotr;mese;ül;ül;sim;t;apa;(???);ember;zero;zero;????;;prs;a;a;3;sg;;0;0;0;0;0;0;0
"????????? ??? ????????????, ??????? ????? ?????, ???????? ????? ?????. ?????? ???? ?????????, ?????? ?? ????.
??? ?? ???????, ?????? ???????? ???????? ????? ???????.";Popova (2001:60);29;Hatanjev, Pjotr;mese;ül;ül;sim;t;fiú;(????);ember;zero;zero;????;;prs;a;a;3;sg;;0;0;0;0;0;0;0
«??? ???????-??????? ?????????. ?? ??? ????? ??????? ????».«;Popova (2001:66);32;Hatanjev, Pjotr;mese;ül;ül;sim;t;személy;sg1;ember;pro;pro (szem);???????;;prs;a;a;1;sg;;0;0;0;0;0;0;0
?????? ??????, ??????? ??????, ?????????? ???????, ?? ???????, ??? ??????? ???????, ????? ?????, ???? ????;Ruk_3;;Rukova, Uljana;besz;ül;ül;sim;t;személy;(sg1);ember;zero;zero;???????;;prs;a;a;1;sg;;0;0;0;0;0;0;0
"?????????? ??????? ??????????
????? ?????? ???????? ???? ????? ??????? ???????. ????? ??????? ??? ???????????, ???? ??? ??? ??????. ???????????, ????????, ??? ????????? ?? ???????? ??????? ??? ????????????.";LS 2014 no.19:10;298;Algadjeva, Anna;pub;ül/idõt tölt;ül/idõt tölt;sim;n;ember;(?????);ember;zero;zero;???????????;xol;prs;a;a;3;pl;;2;1;1;1;1;1;0
???????? ?? ??????? ????? ????? ?????? ??????? ???????????? – ???????? ????????, ?????? ?????????, ????? ??? ?????????. ??? ???????? ????????????, ????? ??? ?????????, ??????????, ??? ??????? ?? ???? ???? ????????. ;LS 2014 no.8:7;119;Hozumova, Svetlana;pub;ül/idõt tölt;ül/idõt tölt;sim;n;nép;(?????);ember;zero;zero;??????????;xol;pst;a;a;3;pl;;0;0;0;0;0;0;0
????? ????? ?????, ???? ?????? ????? ?????-???? ?????, ???-??????, ?? ?????. ??? ??? ??????????, ????? ???? ???????: «??, ???????????, ????????, ?? ????? ??????». ;LS 2015 no.15:9;617;Merov, Nikolay;pub;ül/idõt tölt;ül/idõt tölt;sim;n;személy;(pl1);ember;zero;zero;??????????;xol;pst;a;a;1;pl;;0;0;0;0;0;0;0
"???????????? ?????? ????????????? ?? ??????? ?? ???????. ???????? ???? ???????????.
??? ????? ??? ???????? ?????????? ??? ?? ????.";LS 2016 no.13:13;973;Vasiljeva, Valentina;pub;ül/idõt tölt;ül/idõt tölt;sim;n;személy;(pl3);ember;zero;zero;???????????;xol;prs;a;a;3;pl;;0;0;0;0;0;0;0
???????? «????» ????? ????? ??? ???????, ??? ?? ?????? ?????????? ?????????????, ????? ???? ????? ??????????, ???? ??? ?????, ??????????. ;LS 2016 no.17:13;1037;Rombandejeva, Svetlana;pub;ül/idõt tölt;ül/idõt tölt;sim;n;nép;?????;ember;np;np;??????????;xol;pst;a;a;3;pl;;1;1;0;0;1;0;0
??? ???? ??? | ????? | ????? ???????? ???? | * | ?????????? || ;N4;;Merova, Tamara;besz;ül/idõt tölt;ül/idõt tölt;sim;n;személy;(sg1);ember;zero;zero;??????????;xol;pst;a;a;1;sg;;1;1;0;0;1;0;0
????? ????? ????????? ???????? ???????? ??????????? ?? ???. ?? ?????? ?? ?? ??????????? ????? ????? ?????????. ????? ??? ??????? ??? ??????, ?? ??? ??? ?????????? ??? ???????.;LS 2016 no.19:12;1068;Tjetkina, Ljudmilla;pub;ül/idõt tölt;ül/idõt tölt;sim;n;személy;(du1);ember;zero;zero;?????????;;pst;a;a;1;du;;1;1;0;1;0;0;0
???? ??? ???? ????? ??? ???????, ??????????.;Popova (2001:82);40;Hatanjev, Pjotr;mese;ül/idõt tölt;ül/idõt tölt;sim;n;személy;(du3);ember;zero;zero;???????;;pst;a;a;3;du;;1;1;0;0;1;0;0
"???????? ?????? ??? ?????? ???? ?????,
??? ?????? ????? ??????? ???? ???????,
??? ???????, ??? ??????? ??? ?? ?????????????,";Gyinyiszlamova (2008: 26);;Dinislamova, Svetlana ;vers;ül/idõt tölt;ül/idõt tölt;sim;n;személy;(pl1);ember;zero;zero;???????;;pst;a;a;1;pl;;1;1;0;1;0;0;0
??? ????????». ?? ?? ???????, ??? ??? ????? ????????, ???? ????? ??????? ??? ?? ????.;Ivanova (2004:14);8;Kugin, Pjotr;mese;ül/idõt tölt;ül/idõt tölt;sim;n;személy;(pl3);ember;zero;zero;???????;;prs;a;a;3;pl;;1;1;0;1;0;0;0
????? ??????? ????? ????? ????? ????? ??? ??? ????????? ???? ???????????. ??? ???????, ????????, ???? ????? ????????, ??? ????? ????? ???????, ?????? ???? ??????? ??????. ??? ???? ???? ???????, ????? ?? ??????? ???.;LS 2016 no.24:3;1139;Nikitin, Nikolay;pub;ül/idõt tölt;ül/idõt tölt;sim;n;személy;(pl3);ember;zero;zero;???????;;prs;a;a;3;pl;;1;0;1;0;0;1;1
??? ????, ??????? ??, ??? ?????, ????????;Ruk_3;;Rukova, Uljana;besz;ül/idõt tölt;ül/idõt tölt;sim;n;személy;pl1;ember;pro;pro (szem);?????;;prs;a;a;1;pl;;0;0;0;0;0;0;0
??????? ????? ?? ?????? ??????????. ????? ????? ?????????? ?? ????????, ???????? ??? ???????, ????????????, ???????????. ?? ????? ??? ??-??? ????????? ?????????, ????? ??????? ??????????? ??????.;LS 2016 no.19:6;1062;Rombandejeva, Svetlana;pub;ül/idõt tölt;ül/idõt tölt;sim;n;személy;(sg1);ember;zero;zero;???????;;prs;a;a;1;sg;;0;0;0;0;0;0;0
"????? ?? ??????, ??? ???????? ?? ?????. ?? ??? ???-???? ????????? ???-????????, ???????, ??? ?????? ??? ?????, ??? ??? ?? ???
?????. ?????-????? ??????
?????? ??????, ?? ??????????:";LS 2016 no.4:12;832;Aksjonova, Valentina;mese;ül/inaktív;ül;sim;n;személy;du3;ember;pro;pro (szem);?????;;prs;a;a;3;du;;0;0;0;0;0;0;0
??? ???????? ??????? ??????? ??????? ???????, ?????? ?????? ??? ?????. ??? ??? ?????? ??? ?? ??????, ??? ????? ???????, ?? ???????????, ?????? ?? ?????. ????? ??? ????? ????, ??? ??-????? ?? ??????????. ;LS 2016 no.8:12;892;Hozumova, Svetlana;pub;ül/inaktív;ül;sim;n;személy;(pl1);ember;zero;zero;?????;;prs;a;a;3;pl;;0;0;0;0;0;0;0
?????????? ???????? ?????? ??? ???, ??? ????? ??? ??? ??? ??????. ??? ????? ????? ??? ???????, ???? ???? ???????, ???? ???? ????????, ????? ??????? ??? ?????. ;LS 2016 no.1:8;776;Algadjeva, Ljudmila;pub;ül/inaktív;ül;sim;n;személy;(sg1);ember;zero;zero;???????;;pst;a;a;1;sg;;1;1;0;1;0;0;0
"???? ??? ???? ??????, ?????? ??????, ?? ?? ????????.
«???????-????????, ?? ??????? ????, ??? ????, ?? ??????? ??? ???. ?????? ????, ??? ?????, ??? ????? ??? ??????.";Popova (2001:62);30;Hatanjev, Pjotr;mese;ül/inaktív;ül;sim;n;fiú;(????);ember;zero;zero;????;;prs;a;a;3;sg;;0;0;0;0;0;0;0
"??? ???? ???? ?????. ???? ?????? ???-??????. ???
?????? ??????. ???? ??????? ?????, ?? ????. ?????? ?????:";Popova (2001:64);31;Hatanjev, Pjotr;mese;ül/inaktív;ül;sim;n;személy;(sg3);ember;zero;zero;????;;prs;a;a;3;sg;;0;0;0;0;0;0;0
??? ?????? ??????? ????????, ????. ????? ?? ??????, ?? ????? ??? ???????. ??????? ???????? ????:;LS 2015 no.14:14;606;"Merova, Marija; Nikitin, Nikolay";mese;ül/van;ül;sim/egz;n;ember;???;ember;np;np;???????;;prs;a;a;3;pl;;0;0;0;0;0;0;0
?????? ?????? ????, ?? ??????. ?? ????? ??? ???????. ??????? ???????? ????:;LS 2015 no.14:14;606;"Merova, Marija; Nikitin, Nikolay";mese;ül/van;ül;sim/egz;n;ember;???;ember;np;np;???????;;prs;a;a;3;pl;;0;0;0;0;0;0;0
?????? ?????? ????, ?? ??????. ?? ????? ??? ???????. ??????? ???????? ????:;LS 2015 no.14:15;607;"Merova, Marija; Nikitin, Nikolay";mese;ül/van;ül;sim/egz;n;ember;???;ember;np;np;???????;;prs;a;a;3;pl;;0;0;0;0;0;0;0
?? ??????? ???? ????? ??????? ??, ??????????, ?????????? ?? ?????-?????????? ??????? ??????????? ?????-????????. ??? ????? ????? ?????? ?? ???????, ??? ???????? ????????? ??? ?????? ?????? ??????, ????? ???? ??????????, ???????? ?????? ????????.;LS 2016 no.7:5;868;Hozumova, Valentina;pub;ül/van;ül;sim/egz;n;gazda;?????;ember;np;np;???????;;pst;a;a;3;pl;;1;1;0;1;1;0;0
"?????? ????????
????? ?????, ? ??? ??? (????) ?? ???? ?????? ?????? ??????, ??????????? ???????: ?, ????? ????! ????????, ?? ??????: ????? ???? ???? ????. ????? ???? ???? ??????????:";Gerasimvova-Dinislamova (2015:120);120;Anjamova, Aleksandra;mese;ül/van;ül;sim/egz;n;férfi;????;ember;np;np;????;;prs;a;a;3;sg;;0;0;0;0;0;0;0
???????? ?? ??????. ???? ????, ????? ??? ?????????:;Hromova (2004:22);22;nan;mese;ül/van;ül;sim/egz;n;asszony;????;ember;np;np;????;;prs;a;a;3;sg;;1;0;1;0;0;1;0
?? ??? ???? ?????, ?????? ??????. ?? ??? ?????? ???????? ?????, ?? ?????? ??? ???? ?????????. ;LS 2014 no.12:14;190;Hozjainova, Tatjana;mese;ül/van;ül;sim/egz;n;mókus;?????;állat;np;np;?????;;pst;a;a;3;sg;;0;0;0;0;0;0;0
?? ????? ????? ?????, ???????, ????? ??????? ????? ????? ???? ?????, ??????? ???????????? ??? ?????? ?????? ??????. ?? ?? ????? ??? ?????? ??? ?????, ??? ?? ????? ????? ???? ?????? ??????????.;LS 2015 no.18:10;665;Hozumova, Svetlana;pub;ül/van;ül;sim/egz;s;férfi;???;ember;np;np;?????;;pst;a;a;3;sg;;0;0;0;0;0;0;0
??? ??????? ???? ???? ???, ??? ??? ??????.;Popova (2001:8);3;Hatanjev, Pjotr;mese;ül/van;ül;sim/egz;n;férfi;???;ember;np;np;????;;prs;a;a;3;sg;;0;0;0;0;0;0;0
??? ????? ?? ????? ?????, ????? ?? ??????. ???? ??? ???? ?????. ?? ??????? ?? ?????.;Gerasimvova-Dinislamova (2015:14);14;Algadjeva, Varvara;mese;ül/van;ül;sim/kop;n;személy;(sg3);ember;zero;zero;?????;;pst;a;a;3;sg;;0;0;0;0;0;0;0
? ??????? ??? ?????????, ?????: «?-??-??, ??? ????? ??? ????, ? ?? ????? ????????, ?? ?? ???????????. ???? ????? ?????? ????????»;Gerasimvova-Dinislamova (2012:54);;Sambindalova, Darja;mese;ül/van;ül;sim/loc;n;medve;(???);állat;pro;pro (szem);????;;prs;a;a;3;sg;;0;0;0;0;0;0;0
?????????? ?????, ????????? ??? ??????, ??? ????? ??????. ??? ????? ??????, ?, ??? ?????? ??? ????, ??????????. ? ??????? ??? ?????????, ?????: ;Gerasimvova-Dinislamova (2012:54);;Sambindalova, Darja;mese;ül/van;ül;sim/loc;n;medve;(???);állat;pro (határozatlan);pro (határozatlan);????;;prs;a;a;3;sg;;0;0;0;0;0;0;0
?????? ????? ????. ?????? ????? ????:;Gerasimvova-Dinislamova (2015:10);10;Algadjeva, Varvara;mese;ül/van;ül;sim/loc;n;holló;?????;állat;np;np;????;;prs;a;a;3;sg;;0;0;0;0;0;0;0
??? ??????? ??? ???? ????? ?????????????, ???? ????? ?????????????. ?? ??? ??? ??? ?????? ???????, ?? ???? ??? ??????? ????? ???????. ??? ??? ???????? ??????, ???????? ????».;LS 2015 no.14:10;602;Hozumova, Svetlana;pub;ül/van;ül;sim/loc;n;személy;sg1;ember;pro;pro (szem);???????;;prs;a;a;1;sg;;2;1;1;1;1;1;0
